date,price,coin
2025-01-23,8964946.049272345,bitcoin
2025-01-24,8998507.68711584,bitcoin
2025-01-25,9035194.859879067,bitcoin
2025-01-26,9031820.575388502,bitcoin
2025-01-27,8840730.321759636,bitcoin
2025-01-28,8813004.62310299,bitcoin
2025-01-29,8773589.21760404,bitcoin
2025-01-30,8986342.542373687,bitcoin
2025-01-31,9079030.834732356,bitcoin
2025-02-01,8876282.254884763,bitcoin
2025-02-02,8714560.729715146,bitcoin
2025-02-03,8448647.568321917,bitcoin
2025-02-04,8821899.22031773,bitcoin
2025-02-05,8544188.028439142,bitcoin
2025-02-06,8435196.808124574,bitcoin
2025-02-07,8465025.732744236,bitcoin
2025-02-08,8476794.460583407,bitcoin
2025-02-09,8476775.262421489,bitcoin
2025-02-10,8468155.630744008,bitcoin
2025-02-11,8519902.0973004,bitcoin
2025-02-12,8311326.258525673,bitcoin
2025-02-13,8509967.786199097,bitcoin
2025-02-14,8375908.598984329,bitcoin
2025-02-15,8449165.834342096,bitcoin
2025-02-16,8452533.700253459,bitcoin
2025-02-17,8331280.757968706,bitcoin
2025-02-18,8318633.34814442,bitcoin
2025-02-19,8297394.500778342,bitcoin
2025-02-20,8388981.733716331,bitcoin
2025-02-21,8507227.974250102,bitcoin
2025-02-22,8330049.59390641,bitcoin
2025-02-23,8362407.852954888,bitcoin
2025-02-24,8341958.303704703,bitcoin
2025-02-25,7922797.740624487,bitcoin
2025-02-26,7729282.415455005,bitcoin
2025-02-27,7314307.147526646,bitcoin
2025-02-28,7397416.663356487,bitcoin
2025-03-01,7386259.847331922,bitcoin
2025-03-02,7523008.862171689,bitcoin
2025-03-03,8244472.61232367,bitcoin
2025-03-04,7521257.854514662,bitcoin
2025-03-05,7615008.334491884,bitcoin
2025-03-06,7869430.047939962,bitcoin
2025-03-07,7841736.557001183,bitcoin
2025-03-08,7562231.150267524,bitcoin
2025-03-09,7503958.351863089,bitcoin
2025-03-10,7035607.792612969,bitcoin
2025-03-11,6882112.04135304,bitcoin
2025-03-12,7220111.199834512,bitcoin
2025-03-13,7311397.167011021,bitcoin
2025-03-14,7049331.751158462,bitcoin
2025-03-15,7301205.756783538,bitcoin
2025-03-16,7337203.4861049205,bitcoin
2025-03-17,7182714.546311197,bitcoin
2025-03-18,7307625.213417549,bitcoin
2025-03-19,7166130.900539224,bitcoin
2025-03-20,7495414.341859128,bitcoin
2025-03-21,7275140.94449613,bitcoin
2025-03-22,7224000.906005809,bitcoin
2025-03-23,7205763.671408613,bitcoin
2025-03-24,7377568.408827406,bitcoin
2025-03-25,7471026.999919416,bitcoin
2025-03-26,7490943.665690553,bitcoin
2025-03-27,7448415.462567322,bitcoin
2025-03-28,7474953.075439318,bitcoin
2025-03-29,7216289.858225705,bitcoin
2025-03-30,7072289.607125187,bitcoin
2025-03-31,7044678.366106417,bitcoin
2025-04-01,7049110.1215911815,bitcoin
2025-04-02,7295181.762562074,bitcoin
2025-04-03,7072204.244187081,bitcoin
2025-04-04,7092361.1660758825,bitcoin
2025-04-05,7177434.935222951,bitcoin
2025-04-06,7149914.289024058,bitcoin
2025-04-07,6689389.08502666,bitcoin
2025-04-08,6810911.664670934,bitcoin
2025-04-09,6597493.475585312,bitcoin
2025-04-10,7122745.761241968,bitcoin
2025-04-11,6866025.560636041,bitcoin
2025-04-12,7182775.418149425,bitcoin
2025-04-13,7333947.924555619,bitcoin
2025-04-14,7187425.846627208,bitcoin
2025-04-15,7271599.950976666,bitcoin
2025-04-16,7171572.949306771,bitcoin
2025-04-17,7201187.29755112,bitcoin
2025-04-18,7251703.328254263,bitcoin
2025-04-19,7209254.173849113,bitcoin
2025-04-20,7268417.49030321,bitcoin
2025-04-21,7263849.726468839,bitcoin
2025-04-22,7447341.987486609,bitcoin
2025-04-23,7975735.892697773,bitcoin
2025-04-24,8003280.21321444,bitcoin
2025-04-25,8000169.783417303,bitcoin
2025-04-26,8092178.475391482,bitcoin
2025-04-27,8081159.94608841,bitcoin
2025-04-28,8009924.38113424,bitcoin
2025-04-29,8092853.390805625,bitcoin
2025-04-30,8027696.597798843,bitcoin
2025-05-01,7968688.759781316,bitcoin
2025-05-02,8167058.515487802,bitcoin
2025-05-03,8196935.158997864,bitcoin
2025-05-04,8118000.316161074,bitcoin
2025-05-05,7973099.086450076,bitcoin
2025-05-06,7980688.008703099,bitcoin
2025-05-07,8207545.052481962,bitcoin
2025-05-08,8229539.783984127,bitcoin
2025-05-09,8868161.595114123,bitcoin
2025-05-10,8794022.755272726,bitcoin
2025-05-11,8936515.44901635,bitcoin
2025-05-12,8882429.185761888,bitcoin
2025-05-13,8739740.641206343,bitcoin
2025-05-14,8860925.91388854,bitcoin
2025-05-15,8854656.259617174,bitcoin
2025-05-16,8861418.050018335,bitcoin
2025-05-17,8862661.820151662,bitcoin
2025-05-18,8833249.416670207,bitcoin
2025-05-19,9065676.354329923,bitcoin
2025-05-20,9017978.28123392,bitcoin
2025-05-21,9134061.037906067,bitcoin
2025-05-22,9387459.456660772,bitcoin
2025-05-23,9591418.421810476,bitcoin
2025-05-24,9121570.655984685,bitcoin
2025-05-25,9173866.493436038,bitcoin
2025-05-26,9274975.732278159,bitcoin
2025-05-27,9314436.685236426,bitcoin
2025-05-28,9310175.102671716,bitcoin
2025-05-29,9208280.990679564,bitcoin
2025-05-30,9026592.666677358,bitcoin
2025-05-31,8900073.972215421,bitcoin
2025-06-01,8957968.682594351,bitcoin
2025-06-02,9040802.274014382,bitcoin
2025-06-03,9038740.617012177,bitcoin
2025-06-04,9036688.899610182,bitcoin
2025-06-05,9003749.459208991,bitcoin
2025-06-06,8729536.730077919,bitcoin
2025-06-07,8957197.574287502,bitcoin
2025-06-08,9066295.741750069,bitcoin
2025-06-09,9066867.46885247,bitcoin
2025-06-10,9455619.179043707,bitcoin
2025-06-11,9440056.689266069,bitcoin
2025-06-12,9288882.88186932,bitcoin
2025-06-13,9081227.025134273,bitcoin
2025-06-14,9132702.543985052,bitcoin
2025-06-15,9084246.101299008,bitcoin
2025-06-16,9090411.27477335,bitcoin
2025-06-17,9208980.453923177,bitcoin
2025-06-18,9039952.955659283,bitcoin
2025-06-19,9070436.848135183,bitcoin
2025-06-20,9080584.318377115,bitcoin
2025-06-21,8945088.576284403,bitcoin
2025-06-22,8792883.07729243,bitcoin
2025-06-23,8731873.284684414,bitcoin
2025-06-24,9111429.945371069,bitcoin
2025-06-25,9111165.38661966,bitcoin
2025-06-26,9223086.808659252,bitcoin
2025-06-27,9165684.099752242,bitcoin
2025-06-28,9156217.740562832,bitcoin
2025-06-29,9177823.305095606,bitcoin
2025-06-30,9263092.465181679,bitcoin
2025-07-01,9181709.414667957,bitcoin
2025-07-02,9054321.250569785,bitcoin
2025-07-03,9325640.339018358,bitcoin
2025-07-04,9360532.463404836,bitcoin
2025-07-05,9250500.062624797,bitcoin
2025-07-06,9285248.177863376,bitcoin
2025-07-07,9337523.923073687,bitcoin
2025-07-08,9302203.177316865,bitcoin
2025-07-09,9338122.035800587,bitcoin
2025-07-10,9541743.483380785,bitcoin
2025-07-11,9934947.612549465,bitcoin
2025-07-12,10091339.413757524,bitcoin
2025-07-13,10078287.164944079,bitcoin
2025-07-14,10222853.345055208,bitcoin
2025-07-15,10301939.218478084,bitcoin
2025-07-16,10119542.204331392,bitcoin
2025-07-17,10198739.393321177,bitcoin
2025-07-18,10277885.47839658,bitcoin
2025-07-19,10164069.670952292,bitcoin
2025-07-20,10156547.547410768,bitcoin
2025-07-21,10101549.352407157,bitcoin
2025-07-22,10136533.758092493,bitcoin
2025-07-23,10357349.26643955,bitcoin
2025-07-24,10249425.74900696,bitcoin
2025-07-25,10229427.683390176,bitcoin
2025-07-26,10168020.4311719,bitcoin
2025-07-27,10203795.311577797,bitcoin
2025-07-28,10330494.375551593,bitcoin
2025-07-29,10240072.841855934,bitcoin
2025-07-30,10260715.669243045,bitcoin
2025-07-31,10330510.927890545,bitcoin
2025-08-01,10122552.718401065,bitcoin
2025-08-02,9870309.502282668,bitcoin
2025-08-03,9811174.470132805,bitcoin
2025-08-04,9963363.104407016,bitcoin
2025-08-05,10119947.866363142,bitcoin
2025-08-06,10011721.5506572,bitcoin
2025-08-07,10094655.435390146,bitcoin
2025-08-08,10270107.263258504,bitcoin
2025-08-09,10236807.855788205,bitcoin
2025-08-10,10220759.730383817,bitcoin
2025-08-11,10434491.300112702,bitcoin
2025-08-12,10412275.449238887,bitcoin
2025-08-13,10529495.638104321,bitcoin
2025-08-14,10805439.78369676,bitcoin
2025-08-15,10383230.847886154,bitcoin
2025-08-16,10268856.947554458,bitcoin
2025-08-17,10282983.838569582,bitcoin
2025-08-18,10286533.101169772,bitcoin
2025-08-19,10148644.242275473,bitcoin
2025-08-20,9819786.419050021,bitcoin
2025-08-21,9942066.543754837,bitcoin
2025-08-22,9813063.27750558,bitcoin
2025-08-23,10203164.21582744,bitcoin
2025-08-24,10074416.19618185,bitcoin
2025-08-25,9903221.35080575,bitcoin
2025-08-26,9653212.189243559,bitcoin
2025-08-27,9801777.668906499,bitcoin
2025-08-28,9749130.25886824,bitcoin
2025-08-29,9856302.06893481,bitcoin
2025-08-30,9564432.013993934,bitcoin
2025-08-31,9591794.692119835,bitcoin
2025-09-01,9545191.818462053,bitcoin
2025-09-02,9606486.0790093,bitcoin
2025-09-03,9784574.242949013,bitcoin
2025-09-04,9838796.609221794,bitcoin
2025-09-05,9765163.284050079,bitcoin
2025-09-06,9759026.631183332,bitcoin
2025-09-07,9718962.630296323,bitcoin
2025-09-08,9800346.003033817,bitcoin
2025-09-09,9856054.84901548,bitcoin
2025-09-10,9840553.151484529,bitcoin
2025-09-11,10035954.764445597,bitcoin
2025-09-12,10195205.098488238,bitcoin
2025-09-13,10254357.380846838,bitcoin
2025-09-14,10237593.3071353,bitcoin
2025-09-15,10184894.127284445,bitcoin
2025-09-16,10169238.650025213,bitcoin
2025-09-17,10261685.530263504,bitcoin
2025-09-18,10237752.888404036,bitcoin
2025-09-19,10333070.25718556,bitcoin
2025-09-20,10189201.725638028,bitcoin
2025-09-21,10194461.688819751,bitcoin
2025-09-22,10158260.693491202,bitcoin
2025-09-23,9951646.271657305,bitcoin
2025-09-24,9948492.512889242,bitcoin
2025-09-25,10060469.351465985,bitcoin
2025-09-26,9673068.167457229,bitcoin
2025-09-27,9728251.057537576,bitcoin
2025-09-28,9723915.967631772,bitcoin
2025-09-29,9944472.608696878,bitcoin
2025-09-30,10139763.924082505,bitcoin
2025-10-01,10130020.723922314,bitcoin
2025-10-02,10509252.859358784,bitcoin
2025-10-03,10700725.995237181,bitcoin
2025-10-04,10847910.013598107,bitcoin
2025-10-05,10859533.642673422,bitcoin
2025-10-06,10959365.064936124,bitcoin
2025-10-07,11070472.246732509,bitcoin
2025-10-08,10783920.730192943,bitcoin
2025-10-09,10949945.97908964,bitcoin
2025-10-10,10814774.599012492,bitcoin
2025-10-11,10047260.111235712,bitcoin
2025-10-12,9838358.210748602,bitcoin
2025-10-13,10223942.881584922,bitcoin
2025-10-14,10216224.051870666,bitcoin
2025-10-15,10046351.075825775,bitcoin
2025-10-16,9721344.884648668,bitcoin
2025-10-17,9509774.024195194,bitcoin
2025-10-18,9369768.130232994,bitcoin
2025-10-19,9432476.848616607,bitcoin
2025-10-20,9558930.877185136,bitcoin
2025-10-21,9720308.914971137,bitcoin
2025-10-22,9549158.301143315,bitcoin
2025-10-23,9442499.946295625,bitcoin
2025-10-24,9659976.397607893,bitcoin
2025-10-25,9747832.72977752,bitcoin
2025-10-26,9802501.15016422,bitcoin
2025-10-27,10055171.794296525,bitcoin
2025-10-28,10073474.454011032,bitcoin
2025-10-29,9965129.220872145,bitcoin
2025-10-30,9722166.86543983,bitcoin
2025-10-31,9593893.17104472,bitcoin
2025-11-01,9734748.91964181,bitcoin
2025-11-02,9765788.362963019,bitcoin
2025-11-03,9824421.072227614,bitcoin
2025-11-04,9450928.858755054,bitcoin
2025-11-05,9018317.599498693,bitcoin
2025-11-06,9199126.082980732,bitcoin
2025-11-07,8984607.813501872,bitcoin
2025-11-08,9167651.236387476,bitcoin
2025-11-09,9069592.039128657,bitcoin
2025-11-10,9283589.00601575,bitcoin
2025-11-11,9394913.182233905,bitcoin
2025-11-12,9108594.696793688,bitcoin
2025-11-13,8994239.327086337,bitcoin
2025-11-14,8857694.85444411,bitcoin
2025-11-15,8376936.116014769,bitcoin
2025-11-16,8470582.749251666,bitcoin
2025-11-17,8373085.239387692,bitcoin
2025-11-18,8157780.455111292,bitcoin
2025-11-19,8219844.429070548,bitcoin
2025-11-20,8084502.70583037,bitcoin
2025-11-21,7685198.360480496,bitcoin
2025-11-22,7622398.708162882,bitcoin
2025-11-23,7591078.566298594,bitcoin
2025-11-24,7778520.446850556,bitcoin
2025-11-25,7865475.253834086,bitcoin
2025-11-26,7783791.323601658,bitcoin
2025-11-27,8066930.863801428,bitcoin
2025-11-28,8157156.351483771,bitcoin
2025-11-29,8126220.637986011,bitcoin
2025-11-30,8116488.479072998,bitcoin
2025-12-01,8078246.317717989,bitcoin
2025-12-02,7731939.31508293,bitcoin
2025-12-03,8213485.439946512,bitcoin
2025-12-04,8441734.894689914,bitcoin
2025-12-05,8277612.193785475,bitcoin
2025-12-06,8033337.656068311,bitcoin
2025-12-07,8028324.929700683,bitcoin
2025-12-08,8110183.521497487,bitcoin
2025-12-09,8167418.75650716,bitcoin
2025-12-10,8337407.11660591,bitcoin
2025-12-11,8261440.281355997,bitcoin
2025-12-12,8347818.307928058,bitcoin
2025-12-13,8175319.49414227,bitcoin
2025-12-14,8175924.735194205,bitcoin
2025-12-15,7992348.231966222,bitcoin
2025-12-16,7844409.288926788,bitcoin
2025-12-17,7987315.985984798,bitcoin
2025-12-18,7781471.915537124,bitcoin
2025-12-19,7712879.171308659,bitcoin
2025-12-20,7892110.371399885,bitcoin
2025-12-21,7913974.621357582,bitcoin
2025-12-22,7933999.65474005,bitcoin
2025-12-23,7929162.75966298,bitcoin
2025-12-24,7820620.968822208,bitcoin
2025-12-25,7872946.774052088,bitcoin
2025-12-26,7860175.221034703,bitcoin
2025-12-27,7838865.798860937,bitcoin
2025-12-28,7886342.002067149,bitcoin
2025-12-29,7887770.596681177,bitcoin
2025-12-30,7835388.056690424,bitcoin
2025-12-31,7936951.056508718,bitcoin
2026-01-01,7875103.91153735,bitcoin
2026-01-02,7982611.090931888,bitcoin
2026-01-03,8094664.567193232,bitcoin
2026-01-04,8154755.980058913,bitcoin
2026-01-05,8224912.970329631,bitcoin
2026-01-06,8475311.204337161,bitcoin
2026-01-07,8443838.294347357,bitcoin
2026-01-08,8200790.873528976,bitcoin
2026-01-09,8179932.125614385,bitcoin
2026-01-10,8169727.593041189,bitcoin
2026-01-11,8164051.8328820085,bitcoin
2026-01-12,8196362.9552232,bitcoin
2026-01-13,8214254.506811856,bitcoin
2026-01-14,8600260.479528198,bitcoin
2026-01-15,8754772.557780331,bitcoin
2026-01-16,8637202.771129187,bitcoin
2026-01-17,8665871.041073622,bitcoin
2026-01-18,8641731.269593248,bitcoin
2026-01-19,8504968.615885023,bitcoin
2026-01-20,8414003.970645163,bitcoin
2026-01-21,8046939.8302773405,bitcoin
2026-01-22,8238544.966699029,bitcoin
2025-01-23,279938.5285207083,ethereum
2025-01-24,288161.2714104731,ethereum
2025-01-25,285430.96289722796,ethereum
2025-01-26,286144.6955534201,ethereum
2025-01-27,278645.15540803265,ethereum
2025-01-28,274311.44561340706,ethereum
2025-01-29,266420.5240324135,ethereum
2025-01-30,269838.63373123837,ethereum
2025-01-31,281451.9111190414,ethereum
2025-02-01,285788.3326057624,ethereum
2025-02-02,270508.03883529286,ethereum
2025-02-03,247887.06146244158,ethereum
2025-02-04,250207.63787465976,ethereum
2025-02-05,238633.334547457,ethereum
2025-02-06,243716.64021985515,ethereum
2025-02-07,235345.0312551231,ethereum
2025-02-08,230310.76952145732,ethereum
2025-02-09,231377.4475379711,ethereum
2025-02-10,230896.4394453673,ethereum
2025-02-11,232705.05709732708,ethereum
2025-02-12,225973.10123115187,ethereum
2025-02-13,238005.71716377433,ethereum
2025-02-14,232095.15142141344,ethereum
2025-02-15,236142.63877179415,ethereum
2025-02-16,233280.46311334922,ethereum
2025-02-17,230478.8186546242,ethereum
2025-02-18,238148.0286364504,ethereum
2025-02-19,231945.5699539432,ethereum
2025-02-20,235870.2636982932,ethereum
2025-02-21,237063.79602829125,ethereum
2025-02-22,230344.07171990906,ethereum
2025-02-23,239391.7920926158,ethereum
2025-02-24,244834.16977505904,ethereum
2025-02-25,216983.40981432973,ethereum
2025-02-26,217304.159336794,ethereum
2025-02-27,202765.03870967304,ethereum
2025-02-28,201317.5125202556,ethereum
2025-03-01,195516.66716854277,ethereum
2025-03-02,193559.06747479382,ethereum
2025-03-03,220175.98842114926,ethereum
2025-03-04,187601.93013882774,ethereum
2025-03-05,189391.99179852934,ethereum
2025-03-06,194675.72885365813,ethereum
2025-03-07,191886.11355343607,ethereum
2025-03-08,186564.74028701626,ethereum
2025-03-09,191643.05645176853,ethereum
2025-03-10,175758.37045736366,ethereum
2025-03-11,164149.389538545,ethereum
2025-03-12,167538.8977230319,ethereum
2025-03-13,166533.75651871518,ethereum
2025-03-14,161919.08161409126,ethereum
2025-03-15,166129.37514050907,ethereum
2025-03-16,168649.33224748378,ethereum
2025-03-17,164134.74219204995,ethereum
2025-03-18,167679.9006033522,ethereum
2025-03-19,167319.001543521,ethereum
2025-03-20,177917.82793888426,ethereum
2025-03-21,171006.12473780697,ethereum
2025-03-22,168930.37673281875,ethereum
2025-03-23,170229.9761188356,ethereum
2025-03-24,172085.9718554942,ethereum
2025-03-25,177753.92370784696,ethereum
2025-03-26,177052.68464483944,ethereum
2025-03-27,172151.5682806194,ethereum
2025-03-28,171697.82772804037,ethereum
2025-03-29,162266.37796915465,ethereum
2025-03-30,156474.22180351955,ethereum
2025-03-31,154426.70647452315,ethereum
2025-04-01,155840.4924805317,ethereum
2025-04-02,163227.64895741257,ethereum
2025-04-03,153890.04212059852,ethereum
2025-04-04,155066.27550185894,ethereum
2025-04-05,155313.1292931023,ethereum
2025-04-06,154802.90633012433,ethereum
2025-04-07,134677.50142669896,ethereum
2025-04-08,133837.57278106204,ethereum
2025-04-09,127176.85742857557,ethereum
2025-04-10,143324.73934384843,ethereum
2025-04-11,131454.92128790365,ethereum
2025-04-12,134990.81789744264,ethereum
2025-04-13,141499.98989505236,ethereum
2025-04-14,137163.51905527923,ethereum
2025-04-15,139502.26918137303,ethereum
2025-04-16,136118.34029958773,ethereum
2025-04-17,135084.25007491114,ethereum
2025-04-18,135202.85645156694,ethereum
2025-04-19,135687.4227659859,ethereum
2025-04-20,137898.7403436233,ethereum
2025-04-21,135372.22120159038,ethereum
2025-04-22,134334.00818529903,ethereum
2025-04-23,149984.44480204728,ethereum
2025-04-24,153384.6912264906,ethereum
2025-04-25,150793.82263866183,ethereum
2025-04-26,152736.0854367373,ethereum
2025-04-27,155508.64352977095,ethereum
2025-04-28,153154.64715995087,ethereum
2025-04-29,153246.47199208362,ethereum
2025-04-30,153045.86830616,ethereum
2025-05-01,151706.98921091956,ethereum
2025-05-02,155745.16924065605,ethereum
2025-05-03,155840.93772632716,ethereum
2025-05-04,155254.81405305702,ethereum
2025-05-05,152837.10606631296,ethereum
2025-05-06,153282.69389658255,ethereum
2025-05-07,153903.86052217713,ethereum
2025-05-08,153546.46543390723,ethereum
2025-05-09,189067.0538600533,ethereum
2025-05-10,199979.47617304884,ethereum
2025-05-11,220672.16056835878,ethereum
2025-05-12,214170.10011952536,ethereum
2025-05-13,211740.19586880849,ethereum
2025-05-14,227649.06017478785,ethereum
2025-05-15,222550.86125964453,ethereum
2025-05-16,217226.91460543944,ethereum
2025-05-17,217756.90685748137,ethereum
2025-05-18,211823.19396124792,ethereum
2025-05-19,210787.9756927576,ethereum
2025-05-20,215738.55684027018,ethereum
2025-05-21,215915.19935485243,ethereum
2025-05-22,219047.5756337483,ethereum
2025-05-23,228450.3696380665,ethereum
2025-05-24,214375.8056090152,ethereum
2025-05-25,215195.01779836757,ethereum
2025-05-26,216970.8522801864,ethereum
2025-05-27,218190.67523487698,ethereum
2025-05-28,227238.5848495167,ethereum
2025-05-29,228525.93909568293,ethereum
2025-05-30,224768.84403505738,ethereum
2025-05-31,216016.02336935312,ethereum
2025-06-01,216690.8648491384,ethereum
2025-06-02,217089.5740742275,ethereum
2025-06-03,222777.49872829148,ethereum
2025-06-04,222455.17860950096,ethereum
2025-06-05,224236.44416331983,ethereum
2025-06-06,207961.65418872624,ethereum
2025-06-07,212876.9182145838,ethereum
2025-06-08,216727.81140618862,ethereum
2025-06-09,215217.42336418747,ethereum
2025-06-10,230255.54711844953,ethereum
2025-06-11,240556.86572695823,ethereum
2025-06-12,237276.58179525606,ethereum
2025-06-13,227345.61024210224,ethereum
2025-06-14,221936.8494721614,ethereum
2025-06-15,218235.52611319744,ethereum
2025-06-16,219421.86983518038,ethereum
2025-06-17,220541.89744913176,ethereum
2025-06-18,217182.0562912451,ethereum
2025-06-19,218382.42014738446,ethereum
2025-06-20,218767.0130883784,ethereum
2025-06-21,208337.07852694736,ethereum
2025-06-22,196636.0383307714,ethereum
2025-06-23,192852.03096719063,ethereum
2025-06-24,209315.24780590468,ethereum
2025-06-25,210338.28060317386,ethereum
2025-06-26,207894.42363255343,ethereum
2025-06-27,206903.99097231845,ethereum
2025-06-28,207191.0496905718,ethereum
2025-06-29,208396.95938860573,ethereum
2025-06-30,213866.80820581852,ethereum
2025-07-01,213247.902753943,ethereum
2025-07-02,206191.53795072352,ethereum
2025-07-03,220583.0677146267,ethereum
2025-07-04,221209.20718607036,ethereum
2025-07-05,214841.71925105614,ethereum
2025-07-06,215995.5389160479,ethereum
2025-07-07,219842.28509645213,ethereum
2025-07-08,218478.50703220506,ethereum
2025-07-09,224192.01293457407,ethereum
2025-07-10,237634.3285912139,ethereum
2025-07-11,252785.18261104374,ethereum
2025-07-12,253963.71411998925,ethereum
2025-07-13,252599.85968309751,ethereum
2025-07-14,255256.0749124428,ethereum
2025-07-15,258953.02296009834,ethereum
2025-07-16,269423.17285168904,ethereum
2025-07-17,289273.06195820443,ethereum
2025-07-18,299604.7001320289,ethereum
2025-07-19,305580.9799247014,ethereum
2025-07-20,309629.88231970003,ethereum
2025-07-21,323799.5635112756,ethereum
2025-07-22,324888.02667051577,ethereum
2025-07-23,323522.2855073287,ethereum
2025-07-24,313632.80993368995,ethereum
2025-07-25,320521.28663827025,ethereum
2025-07-26,322067.53188592376,ethereum
2025-07-27,323729.6744159729,ethereum
2025-07-28,334271.3356334813,ethereum
2025-07-29,328567.3072022601,ethereum
2025-07-30,329848.44489638496,ethereum
2025-07-31,333798.49786685634,ethereum
2025-08-01,323419.73918441863,ethereum
2025-08-02,303617.9116663577,ethereum
2025-08-03,296151.6805356246,ethereum
2025-08-04,305147.6597239278,ethereum
2025-08-05,326586.85608261486,ethereum
2025-08-06,316895.55183794844,ethereum
2025-08-07,323322.0010279766,ethereum
2025-08-08,341975.0422938313,ethereum
2025-08-09,352049.4403810017,ethereum
2025-08-10,374193.3376648639,ethereum
2025-08-11,372140.5970629246,ethereum
2025-08-12,370718.8174494866,ethereum
2025-08-13,403547.06190802733,ethereum
2025-08-14,416582.6051270567,ethereum
2025-08-15,399375.2127189976,ethereum
2025-08-16,387732.95356370165,ethereum
2025-08-17,387408.6664674909,ethereum
2025-08-18,392681.4189909559,ethereum
2025-08-19,376878.0982824829,ethereum
2025-08-20,354772.70430919825,ethereum
2025-08-21,376832.66666282027,ethereum
2025-08-22,368766.6639472321,ethereum
2025-08-23,421737.4738716338,ethereum
2025-08-24,416904.49092835333,ethereum
2025-08-25,417273.9071184703,ethereum
2025-08-26,383869.2304155191,ethereum
2025-08-27,403346.84673449927,ethereum
2025-08-28,394479.82107990474,ethereum
2025-08-29,394824.62858350464,ethereum
2025-08-30,384794.36172029114,ethereum
2025-08-31,385618.86285304534,ethereum
2025-09-01,386992.0744205619,ethereum
2025-09-02,378688.487081064,ethereum
2025-09-03,380669.0608269572,ethereum
2025-09-04,391914.25736500154,ethereum
2025-09-05,379062.50711160863,ethereum
2025-09-06,379789.69451721257,ethereum
2025-09-07,376830.61714539555,ethereum
2025-09-08,379557.7315665512,ethereum
2025-09-09,379169.3803941581,ethereum
2025-09-10,380163.9598970403,ethereum
2025-09-11,382811.6356012148,ethereum
2025-09-12,393614.0739117057,ethereum
2025-09-13,415686.0060768963,ethereum
2025-09-14,412052.856085073,ethereum
2025-09-15,406940.596240047,ethereum
2025-09-16,398693.42995223537,ethereum
2025-09-17,395856.797622927,ethereum
2025-09-18,403666.7568900215,ethereum
2025-09-19,404926.98327490315,ethereum
2025-09-20,393846.3358485685,ethereum
2025-09-21,394843.6203459821,ethereum
2025-09-22,392295.47524281475,ethereum
2025-09-23,370875.27142150694,ethereum
2025-09-24,369992.0919011612,ethereum
2025-09-25,368312.96560615575,ethereum
2025-09-26,342937.4440185811,ethereum
2025-09-27,357978.55612770614,ethereum
2025-09-28,356321.1005771281,ethereum
2025-09-29,367286.12298418215,ethereum
2025-09-30,373944.85329388455,ethereum
2025-10-01,368177.3713848715,ethereum
2025-10-02,385235.77973544877,ethereum
2025-10-03,397823.05193989933,ethereum
2025-10-04,400707.46142882656,ethereum
2025-10-05,398218.8935895547,ethereum
2025-10-06,400668.6421398132,ethereum
2025-10-07,416041.06085392536,ethereum
2025-10-08,395289.8026309068,ethereum
2025-10-09,401911.0484708849,ethereum
2025-10-10,388222.87205311254,ethereum
2025-10-11,340432.9353676543,ethereum
2025-10-12,332747.98798714374,ethereum
2025-10-13,369207.3362657844,ethereum
2025-10-14,376492.3574048653,ethereum
2025-10-15,366574.05838423775,ethereum
2025-10-16,349761.3884710538,ethereum
2025-10-17,342302.33220614656,ethereum
2025-10-18,337247.7588866496,ethereum
2025-10-19,342375.6803081046,ethereum
2025-10-20,350696.6804336402,ethereum
2025-10-21,349657.073530753,ethereum
2025-10-22,341303.9842640361,ethereum
2025-10-23,333571.21535914514,ethereum
2025-10-24,338462.9290819708,ethereum
2025-10-25,345416.6546043208,ethereum
2025-10-26,347083.5922685809,ethereum
2025-10-27,365539.5621120337,ethereum
2025-10-28,363758.94232227415,ethereum
2025-10-29,351342.5325721324,ethereum
2025-10-30,344315.5289450759,ethereum
2025-10-31,337015.4990615576,ethereum
2025-11-01,341801.10296794504,ethereum
2025-11-02,343730.3913686987,ethereum
2025-11-03,347169.85800323385,ethereum
2025-11-04,319468.25832003524,ethereum
2025-11-05,292527.2014230804,ethereum
2025-11-06,303546.1807953054,ethereum
2025-11-07,293412.52766766545,ethereum
2025-11-08,304507.99491275364,ethereum
2025-11-09,301591.6290594234,ethereum
2025-11-10,317071.7291616941,ethereum
2025-11-11,316207.1597353334,ethereum
2025-11-12,302271.19106009,ethereum
2025-11-13,302072.2252489844,ethereum
2025-11-14,287385.51825001417,ethereum
2025-11-15,275511.26516527805,ethereum
2025-11-16,281155.6844835739,ethereum
2025-11-17,275080.20597856207,ethereum
2025-11-18,267796.5731112152,ethereum
2025-11-19,276052.04898099863,ethereum
2025-11-20,267032.830083096,ethereum
2025-11-21,251183.08126814634,ethereum
2025-11-22,247777.39778764817,ethereum
2025-11-23,248183.09115512334,ethereum
2025-11-24,250950.12836319354,ethereum
2025-11-25,263283.40358322934,ethereum
2025-11-26,263444.9399900479,ethereum
2025-11-27,269938.1970950932,ethereum
2025-11-28,269490.2527975858,ethereum
2025-11-29,271004.1486761167,ethereum
2025-11-30,267260.2384447111,ethereum
2025-12-01,267424.4592587914,ethereum
2025-12-02,250829.94408877468,ethereum
2025-12-03,269370.30418167287,ethereum
2025-12-04,288132.42535713845,ethereum
2025-12-05,281520.95159888716,ethereum
2025-12-06,271893.52182715805,ethereum
2025-12-07,273416.13820120675,ethereum
2025-12-08,274616.2375638853,ethereum
2025-12-09,281685.69218486216,ethereum
2025-12-10,298746.9630305986,ethereum
2025-12-11,298675.7147486205,ethereum
2025-12-12,292065.55714175856,ethereum
2025-12-13,279306.9974351619,ethereum
2025-12-14,282191.1596649078,ethereum
2025-12-15,277686.2575249929,ethereum
2025-12-16,269107.8224748998,ethereum
2025-12-17,269596.8374095658,ethereum
2025-12-18,255672.94816147196,ethereum
2025-12-19,255132.82641488407,ethereum
2025-12-20,266653.5750632806,ethereum
2025-12-21,266686.3060581252,ethereum
2025-12-22,268857.45721078233,ethereum
2025-12-23,269330.66898642445,ethereum
2025-12-24,265308.33057719615,ethereum
2025-12-25,264638.4624631536,ethereum
2025-12-26,261698.83888170918,ethereum
2025-12-27,262776.73658441985,ethereum
2025-12-28,264850.5744899021,ethereum
2025-12-29,264760.5504658988,ethereum
2025-12-30,263786.42273046816,ethereum
2025-12-31,266620.8671552428,ethereum
2026-01-01,266951.6312463789,ethereum
2026-01-02,269940.3569195695,ethereum
2026-01-03,281016.1719855551,ethereum
2026-01-04,281388.8695194364,ethereum
2026-01-05,282560.6030133936,ethereum
2026-01-06,291299.3568651643,ethereum
2026-01-07,297045.36579862604,ethereum
2026-01-08,284403.12191626645,ethereum
2026-01-09,279086.945835317,ethereum
2026-01-10,278309.6101406161,ethereum
2026-01-11,278294.1933407241,ethereum
2026-01-12,281519.50124331604,ethereum
2026-01-13,278535.9889192714,ethereum
2026-01-14,299728.9177688779,ethereum
2026-01-15,302917.5844429012,ethereum
2026-01-16,299838.3615803796,ethereum
2026-01-17,299041.3190188698,ethereum
2026-01-18,300496.6677650833,ethereum
2026-01-19,297943.7602436932,ethereum
2026-01-20,289592.03165583033,ethereum
2026-01-21,267489.81096221146,ethereum
2026-01-22,275589.2939775204,ethereum
2025-01-23,60048.64368858695,binancecoin
2025-01-24,59636.27522771482,binancecoin
2025-01-25,58634.17964329592,binancecoin
2025-01-26,59162.59680727478,binancecoin
2025-01-27,57281.7373797534,binancecoin
2025-01-28,58749.449835617335,binancecoin
2025-01-29,57296.43339081911,binancecoin
2025-01-30,57854.34734841909,binancecoin
2025-01-31,58655.45371354911,binancecoin
2025-02-01,58703.85253272319,binancecoin
2025-02-02,56630.01791574548,binancecoin
2025-02-03,53396.41107801859,binancecoin
2025-02-04,53592.65755894161,binancecoin
2025-02-05,49949.655104943195,binancecoin
2025-02-06,49739.63253930025,binancecoin
2025-02-07,50124.30338463594,binancecoin
2025-02-08,50786.01675864207,binancecoin
2025-02-09,53964.88479130143,binancecoin
2025-02-10,54141.19841020038,binancecoin
2025-02-11,54025.96581854631,binancecoin
2025-02-12,55852.239917163475,binancecoin
2025-02-13,60719.51750835729,binancecoin
2025-02-14,58109.34995217874,binancecoin
2025-02-15,56976.701162437676,binancecoin
2025-02-16,57346.6115698069,binancecoin
2025-02-17,58465.12853984138,binancecoin
2025-02-18,57948.03966745196,binancecoin
2025-02-19,56279.93471651679,binancecoin
2025-02-20,56584.32052077738,binancecoin
2025-02-21,56830.74536451082,binancecoin
2025-02-22,56045.08029395914,binancecoin
2025-02-23,57916.49021345884,binancecoin
2025-02-24,57009.13253417437,binancecoin
2025-02-25,53021.67152150301,binancecoin
2025-02-26,54291.36372490093,binancecoin
2025-02-27,53210.23543392952,binancecoin
2025-02-28,52860.114757223375,binancecoin
2025-03-01,51393.611585435494,binancecoin
2025-03-02,53207.91399513268,binancecoin
2025-03-03,54546.124006223276,binancecoin
2025-03-04,50156.4359468866,binancecoin
2025-03-05,50861.019193072156,binancecoin
2025-03-06,51926.218859565066,binancecoin
2025-03-07,51923.53914148055,binancecoin
2025-03-08,51814.83066515133,binancecoin
2025-03-09,51663.556107790566,binancecoin
2025-03-10,48331.98379710919,binancecoin
2025-03-11,46521.89311514863,binancecoin
2025-03-12,48189.13073681617,binancecoin
2025-03-13,49744.337375177536,binancecoin
2025-03-14,50303.4982997348,binancecoin
2025-03-15,51036.12408305087,binancecoin
2025-03-16,53796.963457567625,binancecoin
2025-03-17,52343.204043738915,binancecoin
2025-03-18,54796.90779991567,binancecoin
2025-03-19,54418.72010972437,binancecoin
2025-03-20,53491.674229055316,binancecoin
2025-03-21,54407.04548841238,binancecoin
2025-03-22,54570.76189557078,binancecoin
2025-03-23,53844.24764770366,binancecoin
2025-03-24,53560.26950600079,binancecoin
2025-03-25,54395.031512716574,binancecoin
2025-03-26,53948.74714208394,binancecoin
2025-03-27,52923.443357496115,binancecoin
2025-03-28,54640.352238123494,binancecoin
2025-03-29,52995.279136180914,binancecoin
2025-03-30,51669.24197410551,binancecoin
2025-03-31,51449.16767210147,binancecoin
2025-04-01,51727.616700564016,binancecoin
2025-04-02,52295.74419298281,binancecoin
2025-04-03,50549.57952339403,binancecoin
2025-04-04,50526.32247756396,binancecoin
2025-04-05,51166.07126336445,binancecoin
2025-04-06,50812.11868581952,binancecoin
2025-04-07,47420.80115098435,binancecoin
2025-04-08,47668.21468788355,binancecoin
2025-04-09,47832.72332367573,binancecoin
2025-04-10,50195.82966959061,binancecoin
2025-04-11,49797.54069274085,binancecoin
2025-04-12,50456.305034724915,binancecoin
2025-04-13,51321.64389321619,binancecoin
2025-04-14,50177.72272259396,binancecoin
2025-04-15,50285.98393102408,binancecoin
2025-04-16,49696.62088881839,binancecoin
2025-04-17,49915.82426789652,binancecoin
2025-04-18,50388.67610553825,binancecoin
2025-04-19,50526.218981114434,binancecoin
2025-04-20,50557.2445779344,binancecoin
2025-04-21,50624.045346839186,binancecoin
2025-04-22,50818.10292772405,binancecoin
2025-04-23,52643.92078041057,binancecoin
2025-04-24,51827.99203791277,binancecoin
2025-04-25,51321.341796239125,binancecoin
2025-04-26,51247.19165032897,binancecoin
2025-04-27,51897.580041335794,binancecoin
2025-04-28,51533.10974293867,binancecoin
2025-04-29,51618.20689162421,binancecoin
2025-04-30,51151.41257924728,binancecoin
2025-05-01,50705.45168987128,binancecoin
2025-05-02,50782.511189032084,binancecoin
2025-05-03,50890.39037670066,binancecoin
2025-05-04,50714.56344092853,binancecoin
2025-05-05,49523.2244628799,binancecoin
2025-05-06,50361.34007212729,binancecoin
2025-05-07,51100.27761300099,binancecoin
2025-05-08,51157.16737385429,binancecoin
2025-05-09,54054.0194515931,binancecoin
2025-05-10,56939.438218350304,binancecoin
2025-05-11,56570.23042946766,binancecoin
2025-05-12,55592.35943674941,binancecoin
2025-05-13,56150.261075171584,binancecoin
2025-05-14,56663.95778611812,binancecoin
2025-05-15,55699.213428501316,binancecoin
2025-05-16,55636.43386383389,binancecoin
2025-05-17,55401.56262096731,binancecoin
2025-05-18,54738.872283862554,binancecoin
2025-05-19,55522.39524036576,binancecoin
2025-05-20,55581.632647152874,binancecoin
2025-05-21,55679.47885923911,binancecoin
2025-05-22,57755.88258974176,binancecoin
2025-05-23,58981.55273054637,binancecoin
2025-05-24,55756.13018418358,binancecoin
2025-05-25,56827.80632568444,binancecoin
2025-05-26,57084.72339066022,binancecoin
2025-05-27,57378.38068218924,binancecoin
2025-05-28,58680.14023893227,binancecoin
2025-05-29,58716.67862709515,binancecoin
2025-05-30,57654.13678537248,binancecoin
2025-05-31,56150.41665094304,binancecoin
2025-06-01,56353.17637597584,binancecoin
2025-06-02,56561.26278074425,binancecoin
2025-06-03,56857.185175512226,binancecoin
2025-06-04,56668.5375686563,binancecoin
2025-06-05,57014.14576589656,binancecoin
2025-06-06,54459.200966884746,binancecoin
2025-06-07,55227.1778005028,binancecoin
2025-06-08,55830.884211087396,binancecoin
2025-06-09,55955.71995169383,binancecoin
2025-06-10,57142.597886972006,binancecoin
2025-06-11,57685.27860539386,binancecoin
2025-06-12,57071.67590485165,binancecoin
2025-06-13,56252.92748787505,binancecoin
2025-06-14,56401.17163412294,binancecoin
2025-06-15,55617.39894912489,binancecoin
2025-06-16,55823.708688541185,binancecoin
2025-06-17,56095.44393982541,binancecoin
2025-06-18,56027.17624145813,binancecoin
2025-06-19,55759.65347556984,binancecoin
2025-06-20,55890.27775801974,binancecoin
2025-06-21,55551.989759649325,binancecoin
2025-06-22,54261.85900468624,binancecoin
2025-06-23,53326.70701901393,binancecoin
2025-06-24,55289.00157011345,binancecoin
2025-06-25,55316.69188177813,binancecoin
2025-06-26,55547.97745406159,binancecoin
2025-06-27,55041.49294174184,binancecoin
2025-06-28,55238.81665312162,binancecoin
2025-06-29,55475.44161894426,binancecoin
2025-06-30,55979.915217887494,binancecoin
2025-07-01,56308.46702544004,binancecoin
2025-07-02,55397.338806918655,binancecoin
2025-07-03,56560.456674697154,binancecoin
2025-07-04,56624.570924511754,binancecoin
2025-07-05,55923.933646029946,binancecoin
2025-07-06,56279.544601657915,binancecoin
2025-07-07,56685.80356905104,binancecoin
2025-07-08,56799.55495779383,binancecoin
2025-07-09,56627.40561843656,binancecoin
2025-07-10,57361.55796845979,binancecoin
2025-07-11,58737.54985765722,binancecoin
2025-07-12,59210.406343503564,binancecoin
2025-07-13,58835.190187511704,binancecoin
2025-07-14,59392.19671031558,binancecoin
2025-07-15,59259.50379729727,binancecoin
2025-07-16,59323.66715730662,binancecoin
2025-07-17,60854.82963552536,binancecoin
2025-07-18,62160.011152136074,binancecoin
2025-07-19,62843.517041193445,binancecoin
2025-07-20,63137.47057567733,binancecoin
2025-07-21,65312.825187452174,binancecoin
2025-07-22,66125.59060754563,binancecoin
2025-07-23,67907.14417207065,binancecoin
2025-07-24,67064.82462550157,binancecoin
2025-07-25,66657.86890362398,binancecoin
2025-07-26,67888.8986664642,binancecoin
2025-07-27,68707.78731027828,binancecoin
2025-07-28,72963.74966519282,binancecoin
2025-07-29,71355.39525298408,binancecoin
2025-07-30,70098.59865611898,binancecoin
2025-07-31,69599.36268655375,binancecoin
2025-08-01,68504.60514451488,binancecoin
2025-08-02,65938.0475411463,binancecoin
2025-08-03,64212.998602305466,binancecoin
2025-08-04,65556.31301404026,binancecoin
2025-08-05,67550.97757898047,binancecoin
2025-08-06,66212.51436255951,binancecoin
2025-08-07,67564.64023067734,binancecoin
2025-08-08,68826.29140529232,binancecoin
2025-08-09,69583.69749642002,binancecoin
2025-08-10,70109.1420610711,binancecoin
2025-08-11,70419.15831295794,binancecoin
2025-08-12,70730.6570631616,binancecoin
2025-08-13,73094.06583342518,binancecoin
2025-08-14,74293.61054914528,binancecoin
2025-08-15,73859.89489581532,binancecoin
2025-08-16,72399.48008771421,binancecoin
2025-08-17,73429.0787896129,binancecoin
2025-08-18,74993.65485969187,binancecoin
2025-08-19,74046.52419184046,binancecoin
2025-08-20,71699.65669632536,binancecoin
2025-08-21,75709.43259293867,binancecoin
2025-08-22,73184.12945656005,binancecoin
2025-08-23,78513.80357083486,binancecoin
2025-08-24,76869.35638046687,binancecoin
2025-08-25,76507.74958654656,binancecoin
2025-08-26,73616.561134418,binancecoin
2025-08-27,75730.68361912621,binancecoin
2025-08-28,75043.22005909428,binancecoin
2025-08-29,76620.6814031891,binancecoin
2025-08-30,76146.48372673763,binancecoin
2025-08-31,75999.67092182192,binancecoin
2025-09-01,75637.86081639533,binancecoin
2025-09-02,74442.04077841021,binancecoin
2025-09-03,74947.81030407325,binancecoin
2025-09-04,75312.40714271914,binancecoin
2025-09-05,74406.23177696494,binancecoin
2025-09-06,74934.59184448732,binancecoin
2025-09-07,75987.12677882316,binancecoin
2025-09-08,77726.25354936028,binancecoin
2025-09-09,77267.67932945851,binancecoin
2025-09-10,77617.66183567977,binancecoin
2025-09-11,78682.96366832782,binancecoin
2025-09-12,79694.91142103841,binancecoin
2025-09-13,81671.58672670399,binancecoin
2025-09-14,82442.10746876909,binancecoin
2025-09-15,81819.27202973579,binancecoin
2025-09-16,81005.55719116506,binancecoin
2025-09-17,83960.68158477188,binancecoin
2025-09-18,87154.68006542354,binancecoin
2025-09-19,86626.17538246042,binancecoin
2025-09-20,86574.1717462663,binancecoin
2025-09-21,91835.29791370138,binancecoin
2025-09-22,92377.99323417075,binancecoin
2025-09-23,87632.49182629505,binancecoin
2025-09-24,90359.24176478451,binancecoin
2025-09-25,90382.8837868033,binancecoin
2025-09-26,83837.67671183657,binancecoin
2025-09-27,85185.70921781841,binancecoin
2025-09-28,85900.19381641738,binancecoin
2025-09-29,88074.74703826687,binancecoin
2025-09-30,91368.63289487794,binancecoin
2025-10-01,89633.6361456727,binancecoin
2025-10-02,90972.94376594422,binancecoin
2025-10-03,96732.93260417196,binancecoin
2025-10-04,105599.86653506332,binancecoin
2025-10-05,102004.68510084327,binancecoin
2025-10-06,103419.08536767065,binancecoin
2025-10-07,108649.7847224238,binancecoin
2025-10-08,116405.14243154848,binancecoin
2025-10-09,115975.74713317385,binancecoin
2025-10-10,111604.47385296482,binancecoin
2025-10-11,98590.70094011468,binancecoin
2025-10-12,101010.04512013537,binancecoin
2025-10-13,115277.47513687446,binancecoin
2025-10-14,114650.70196772134,binancecoin
2025-10-15,107629.84613066347,binancecoin
2025-10-16,102012.10746954879,binancecoin
2025-10-17,100638.00978431241,binancecoin
2025-10-18,94323.76582935236,binancecoin
2025-10-19,96164.22640426239,binancecoin
2025-10-20,97660.4498887775,binancecoin
2025-10-21,96720.49511791285,binancecoin
2025-10-22,93114.03794129679,binancecoin
2025-10-23,93999.55916095893,binancecoin
2025-10-24,98958.6459919135,binancecoin
2025-10-25,97408.10199758109,binancecoin
2025-10-26,98063.51413901497,binancecoin
2025-10-27,99859.47585629414,binancecoin
2025-10-28,100616.23236886057,binancecoin
2025-10-29,97365.52304605034,binancecoin
2025-10-30,97780.05155421568,binancecoin
2025-10-31,95611.97577643482,binancecoin
2025-11-01,96725.07392932409,binancecoin
2025-11-02,97153.0401285268,binancecoin
2025-11-03,96219.51578933863,binancecoin
2025-11-04,88031.10888776404,binancecoin
2025-11-05,83309.89500336022,binancecoin
2025-11-06,85012.1280468762,binancecoin
2025-11-07,84122.48364113465,binancecoin
2025-11-08,87831.01908634373,binancecoin
2025-11-09,87768.62184377918,binancecoin
2025-11-10,88333.01230524376,binancecoin
2025-11-11,87941.39562879216,binancecoin
2025-11-12,84675.78841293452,binancecoin
2025-11-13,84422.96509547133,binancecoin
2025-11-14,82343.59095148907,binancecoin
2025-11-15,81387.11141512904,binancecoin
2025-11-16,82656.3223060313,binancecoin
2025-11-17,82346.85924379769,binancecoin
2025-11-18,80368.14509259464,binancecoin
2025-11-19,82540.46499712384,binancecoin
2025-11-20,79177.64318778821,binancecoin
2025-11-21,76871.63534667267,binancecoin
2025-11-22,74489.54306498196,binancecoin
2025-11-23,74714.25164521765,binancecoin
2025-11-24,75561.84230861219,binancecoin
2025-11-25,77055.47585048217,binancecoin
2025-11-26,76840.65646095468,binancecoin
2025-11-27,79508.50009525949,binancecoin
2025-11-28,80017.26584927185,binancecoin
2025-11-29,79301.20689517986,binancecoin
2025-11-30,78068.81747360923,binancecoin
2025-12-01,78435.66157550194,binancecoin
2025-12-02,74153.64375649435,binancecoin
2025-12-03,78834.85346066205,binancecoin
2025-12-04,83168.56587910386,binancecoin
2025-12-05,80873.64569958077,binancecoin
2025-12-06,79487.81033125143,binancecoin
2025-12-07,80085.0406635842,binancecoin
2025-12-08,80313.58812825273,binancecoin
2025-12-09,80882.8300454405,binancecoin
2025-12-10,80871.80735965943,binancecoin
2025-12-11,80311.27241456177,binancecoin
2025-12-12,79930.38662183688,binancecoin
2025-12-13,79860.13996809832,binancecoin
2025-12-14,81282.47858772936,binancecoin
2025-12-15,79568.46108643389,binancecoin
2025-12-16,77924.16423377926,binancecoin
2025-12-17,79550.5810935156,binancecoin
2025-12-18,76199.87232187075,binancecoin
2025-12-19,74842.3426703115,binancecoin
2025-12-20,76674.37027835942,binancecoin
2025-12-21,76459.95874403667,binancecoin
2025-12-22,76839.84880315725,binancecoin
2025-12-23,76881.9302574831,binancecoin
2025-12-24,75508.67817680273,binancecoin
2025-12-25,76051.33578532643,binancecoin
2025-12-26,74688.48231351264,binancecoin
2025-12-27,74912.2515975624,binancecoin
2025-12-28,75864.33582280668,binancecoin
2025-12-29,77131.93573219082,binancecoin
2025-12-30,76522.1126572846,binancecoin
2025-12-31,77232.28701384601,binancecoin
2026-01-01,77667.28432073943,binancecoin
2026-01-02,77634.82331821375,binancecoin
2026-01-03,79266.562531623,binancecoin
2026-01-04,79098.66128914714,binancecoin
2026-01-05,80513.53121879461,binancecoin
2026-01-06,82194.09828409996,binancecoin
2026-01-07,82722.50988826768,binancecoin
2026-01-08,80816.30591024498,binancecoin
2026-01-09,80159.81073864843,binancecoin
2026-01-10,80836.40627837714,binancecoin
2026-01-11,81845.29493608022,binancecoin
2026-01-12,81473.83311756614,binancecoin
2026-01-13,81617.85158025405,binancecoin
2026-01-14,85082.43831397744,binancecoin
2026-01-15,85654.4012614505,binancecoin
2026-01-16,84116.68466114531,binancecoin
2026-01-17,85073.45129797312,binancecoin
2026-01-18,86053.88466317089,binancecoin
2026-01-19,84712.29646238947,binancecoin
2026-01-20,83842.14207690423,binancecoin
2026-01-21,80591.17640227695,binancecoin
2026-01-22,81417.15357612197,binancecoin
2025-01-23,273.7048711897616,ripple
2025-01-24,269.9679224960293,ripple
2025-01-25,267.43935415220477,ripple
2025-01-26,268.1387605088211,ripple
2025-01-27,260.1136230970049,ripple
2025-01-28,263.7028191055918,ripple
2025-01-29,265.0887206293337,ripple
2025-01-30,265.9172330645377,ripple
2025-01-31,271.3737169935855,ripple
2025-02-01,263.36998524696213,ripple
2025-02-02,249.37199786928988,ripple
2025-02-03,222.5533857877005,ripple
2025-02-04,234.11072059116051,ripple
2025-02-05,221.15238269387407,ripple
2025-02-06,208.09975858429678,ripple
2025-02-07,203.4095555269166,ripple
2025-02-08,210.0301553094728,ripple
2025-02-09,212.945042905129,ripple
2025-02-10,210.36259443379888,ripple
2025-02-11,211.73012267727074,ripple
2025-02-12,209.73643777131713,ripple
2025-02-13,215.00666560373043,ripple
2025-02-14,220.9299998304863,ripple
2025-02-15,237.44431183797226,ripple
2025-02-16,239.27188957221614,ripple
2025-02-17,236.13595532408573,ripple
2025-02-18,230.78902381452934,ripple
2025-02-19,222.42008998956874,ripple
2025-02-20,237.6424488875145,ripple
2025-02-21,232.79536356465803,ripple
2025-02-22,222.84306818627783,ripple
2025-02-23,223.06856472914944,ripple
2025-02-24,223.4180520147324,ripple
2025-02-25,197.31273036425998,ripple
2025-02-26,202.24105819839477,ripple
2025-02-27,190.88325397194043,ripple
2025-02-28,191.97057894883798,ripple
2025-03-01,187.76624049069014,ripple
2025-03-02,191.5165039404022,ripple
2025-03-03,257.15011844707595,ripple
2025-03-04,208.62403094890078,ripple
2025-03-05,214.36581236019808,ripple
2025-03-06,217.12595423204402,ripple
2025-03-07,226.5120702171363,ripple
2025-03-08,207.47864147963088,ripple
2025-03-09,202.46511834279465,ripple
2025-03-10,186.1263199046159,ripple
2025-03-11,177.24682522368448,ripple
2025-03-12,189.1681409689652,ripple
2025-03-13,195.38998227588843,ripple
2025-03-14,195.61237184594052,ripple
2025-03-15,204.88632844096287,ripple
2025-03-16,207.9906909518869,ripple
2025-03-17,200.05633213111463,ripple
2025-03-18,203.45665805682563,ripple
2025-03-19,198.1851256843361,ripple
2025-03-20,220.33783699052333,ripple
2025-03-21,210.18783940699979,ripple
2025-03-22,204.76508159447025,ripple
2025-03-23,203.56458875965725,ripple
2025-03-24,209.48190820045969,ripple
2025-03-25,209.32647763845793,ripple
2025-03-26,209.87500939815783,ripple
2025-03-27,201.25655219875745,ripple
2025-03-28,200.514923741397,ripple
2025-03-29,188.52074637277707,ripple
2025-03-30,182.9560352100683,ripple
2025-03-31,182.70655301344544,ripple
2025-04-01,178.59103263890927,ripple
2025-04-02,183.23980364198903,ripple
2025-04-03,173.99429364132175,ripple
2025-04-04,176.0358402631639,ripple
2025-04-05,182.1239051234343,ripple
2025-04-06,183.76540750796525,ripple
2025-04-07,164.49092120142012,ripple
2025-04-08,163.2012583223158,ripple
2025-04-09,154.88621380007612,ripple
2025-04-10,176.76589189988206,ripple
2025-04-11,169.9176564738061,ripple
2025-04-12,174.21533759882473,ripple
2025-04-13,185.41731162515947,ripple
2025-04-14,182.106533450962,ripple
2025-04-15,183.02522433322284,ripple
2025-04-16,178.9253660180707,ripple
2025-04-17,178.3922191051455,ripple
2025-04-18,176.55131072415287,ripple
2025-04-19,176.1199591661247,ripple
2025-04-20,178.0697523855708,ripple
2025-04-21,177.1469493315613,ripple
2025-04-22,177.1880612225078,ripple
2025-04-23,189.31509744188577,ripple
2025-04-24,189.6242503913287,ripple
2025-04-25,188.054204918591,ripple
2025-04-26,186.59021670078175,ripple
2025-04-27,187.27004946786064,ripple
2025-04-28,192.6867188325559,ripple
2025-04-29,195.52576587234793,ripple
2025-04-30,190.77296356793985,ripple
2025-05-01,185.48270030783488,ripple
2025-05-02,187.54495676143074,ripple
2025-05-03,186.94175401364296,ripple
2025-05-04,185.2313978421417,ripple
2025-05-05,182.41345793183217,ripple
2025-05-06,179.9940143883637,ripple
2025-05-07,182.64613351291396,ripple
2025-05-08,180.56880409822116,ripple
2025-05-09,199.5027351294052,ripple
2025-05-10,200.0816455381778,ripple
2025-05-11,210.57953346778572,ripple
2025-05-12,202.1310931371017,ripple
2025-05-13,215.84262214177485,ripple
2025-05-14,220.13285995137107,ripple
2025-05-15,218.18671469067596,ripple
2025-05-16,203.19029923183294,ripple
2025-05-17,204.32924861165213,ripple
2025-05-18,201.34449851720106,ripple
2025-05-19,206.73166423192887,ripple
2025-05-20,203.2640120639371,ripple
2025-05-21,201.57027272520406,ripple
2025-05-22,205.6895560666414,ripple
2025-05-23,208.78346716937494,ripple
2025-05-24,195.60624469499,ripple
2025-05-25,198.3896463253778,ripple
2025-05-26,199.41685703576786,ripple
2025-05-27,196.57059142685762,ripple
2025-05-28,197.92342842376826,ripple
2025-05-29,194.22805366927494,ripple
2025-05-30,192.11076212355496,ripple
2025-05-31,183.31538524236643,ripple
2025-06-01,186.2829580346435,ripple
2025-06-02,186.4677613325435,ripple
2025-06-03,187.83712051102435,ripple
2025-06-04,192.72777178388867,ripple
2025-06-05,189.18619609902285,ripple
2025-06-06,180.08705271476381,ripple
2025-06-07,185.63451253557395,ripple
2025-06-08,186.8402071637892,ripple
2025-06-09,194.12954889999307,ripple
2025-06-10,199.04675359152301,ripple
2025-06-11,197.4316837625394,ripple
2025-06-12,194.029223831107,ripple
2025-06-13,188.12341908909428,ripple
2025-06-14,185.06154939770207,ripple
2025-06-15,184.46090418163683,ripple
2025-06-16,186.56454419362973,ripple
2025-06-17,194.21180870843463,ripple
2025-06-18,186.80620665927097,ripple
2025-06-19,187.83801156119813,ripple
2025-06-20,187.89376017187843,ripple
2025-06-21,183.60516616887188,ripple
2025-06-22,177.04657635874102,ripple
2025-06-23,174.33106674923295,ripple
2025-06-24,186.8723275416393,ripple
2025-06-25,188.19981734256055,ripple
2025-06-26,187.82852978017547,ripple
2025-06-27,180.3936600054054,ripple
2025-06-28,183.07024891061982,ripple
2025-06-29,186.90086202355062,ripple
2025-06-30,188.69251514431483,ripple
2025-07-01,191.9586959895618,ripple
2025-07-02,186.16045476688532,ripple
2025-07-03,191.47027820688405,ripple
2025-07-04,192.7238955089408,ripple
2025-07-05,190.13375298334998,ripple
2025-07-06,190.28353310156604,ripple
2025-07-07,194.17324729397026,ripple
2025-07-08,195.41232080927784,ripple
2025-07-09,198.0374186337094,ripple
2025-07-10,206.15246186455394,ripple
2025-07-11,218.25383473836322,ripple
2025-07-12,234.81688838542524,ripple
2025-07-13,235.20577300159354,ripple
2025-07-14,243.47088412635154,ripple
2025-07-15,253.9759419303424,ripple
2025-07-16,250.9048345045611,ripple
2025-07-17,261.16180139831044,ripple
2025-07-18,300.69340625781376,ripple
2025-07-19,294.3587640467522,ripple
2025-07-20,295.5533150036047,ripple
2025-07-21,297.7004097571379,ripple
2025-07-22,306.84136261343787,ripple
2025-07-23,306.62497396527766,ripple
2025-07-24,274.6119101390597,ripple
2025-07-25,271.76459047036764,ripple
2025-07-26,271.48399838688243,ripple
2025-07-27,273.9743244912168,ripple
2025-07-28,279.6536618055504,ripple
2025-07-29,271.0503975390189,ripple
2025-07-30,272.3406311431724,ripple
2025-07-31,271.74547891532785,ripple
2025-08-01,264.50319627439853,ripple
2025-08-02,258.17991989292153,ripple
2025-08-03,241.39122268004957,ripple
2025-08-04,257.25527513106425,ripple
2025-08-05,270.07847408490994,ripple
2025-08-06,260.0995685954229,ripple
2025-08-07,262.5901611027059,ripple
2025-08-08,289.87977079769826,ripple
2025-08-09,288.46290064490125,ripple
2025-08-10,283.3064775041156,ripple
2025-08-11,278.5539623258055,ripple
2025-08-12,275.2171145705101,ripple
2025-08-13,286.2170322746633,ripple
2025-08-14,287.4210871631783,ripple
2025-08-15,270.7238697166401,ripple
2025-08-16,269.31275458143193,ripple
2025-08-17,271.9028442814404,ripple
2025-08-18,270.88665459163747,ripple
2025-08-19,267.1779986573393,ripple
2025-08-20,248.914658807672,ripple
2025-08-21,256.90538275611607,ripple
2025-08-22,248.7714522157588,ripple
2025-08-23,268.3898550408366,ripple
2025-08-24,265.9926994563222,ripple
2025-08-25,264.4247553743026,ripple
2025-08-26,250.79498814286586,ripple
2025-08-27,263.9540166158225,ripple
2025-08-28,260.095976132593,ripple
2025-08-29,259.90056246990184,ripple
2025-08-30,248.91712491389723,ripple
2025-08-31,248.35488639265583,ripple
2025-09-01,244.83539596336863,ripple
2025-09-02,242.18886784781589,ripple
2025-09-03,251.7948427043052,ripple
2025-09-04,250.48130331485712,ripple
2025-09-05,246.7309480484515,ripple
2025-09-06,248.34449338882132,ripple
2025-09-07,247.86152771604708,ripple
2025-09-08,254.07407591677458,ripple
2025-09-09,261.2478587013315,ripple
2025-09-10,259.9900442668908,ripple
2025-09-11,262.6741575107264,ripple
2025-09-12,268.52724260483774,ripple
2025-09-13,274.3286131202822,ripple
2025-09-14,275.6618107257375,ripple
2025-09-15,267.59251750823927,ripple
2025-09-16,263.8500973390048,ripple
2025-09-17,267.00589959520073,ripple
2025-09-18,271.115916485058,ripple
2025-09-19,271.4842677847256,ripple
2025-09-20,263.519939755996,ripple
2025-09-21,262.2481254790706,ripple
2025-09-22,261.9504575963233,ripple
2025-09-23,251.7688486873375,ripple
2025-09-24,251.24348035901966,ripple
2025-09-25,259.9967489983782,ripple
2025-09-26,243.16135839332705,ripple
2025-09-27,247.06452104035782,ripple
2025-09-28,248.98660616894665,ripple
2025-09-29,254.05591201935184,ripple
2025-09-30,255.65308524146639,ripple
2025-10-01,252.7465861041772,ripple
2025-10-02,261.1542139628716,ripple
2025-10-03,269.45753066555636,ripple
2025-10-04,269.87671111178554,ripple
2025-10-05,263.51999970233055,ripple
2025-10-06,263.6078919265292,ripple
2025-10-07,265.4285699079311,ripple
2025-10-08,253.54343691033816,ripple
2025-10-09,255.70675385794172,ripple
2025-10-10,249.27489405844793,ripple
2025-10-11,211.57811621737176,ripple
2025-10-12,211.7521292688015,ripple
2025-10-13,224.66868273302237,ripple
2025-10-14,230.9723071967687,ripple
2025-10-15,222.50566024182586,ripple
2025-10-16,211.69140721536772,ripple
2025-10-17,204.59819951120883,ripple
2025-10-18,202.08337035360228,ripple
2025-10-19,207.7080993303638,ripple
2025-10-20,210.29300854742806,ripple
2025-10-21,218.83210725305855,ripple
2025-10-22,213.329383455558,ripple
2025-10-23,207.34187448002822,ripple
2025-10-24,210.16149061363592,ripple
2025-10-25,219.97387255183028,ripple
2025-10-26,227.7810935169504,ripple
2025-10-27,232.40496052770783,ripple
2025-10-28,232.4900931363737,ripple
2025-10-29,230.0825380905365,ripple
2025-10-30,225.47147833302157,ripple
2025-10-31,216.03271144798384,ripple
2025-11-01,222.82542066122335,ripple
2025-11-02,222.3307539969343,ripple
2025-11-03,224.42285849860656,ripple
2025-11-04,204.73143548091662,ripple
2025-11-05,196.44616195884205,ripple
2025-11-06,207.8283547977163,ripple
2025-11-07,195.8955366777422,ripple
2025-11-08,205.33473241500616,ripple
2025-11-09,202.58986362361924,ripple
2025-11-10,209.7752729261544,ripple
2025-11-11,224.26174560081014,ripple
2025-11-12,211.45052853866463,ripple
2025-11-13,211.1412598228667,ripple
2025-11-14,207.0654238702977,ripple
2025-11-15,199.44071252721707,ripple
2025-11-16,198.26141907701196,ripple
2025-11-17,196.72792605914108,ripple
2025-11-18,191.50640075897468,ripple
2025-11-19,196.0567697740092,ripple
2025-11-20,186.4148415098403,ripple
2025-11-21,177.38851141227167,ripple
2025-11-22,174.76848576909637,ripple
2025-11-23,174.87477452991772,ripple
2025-11-24,183.28825430676216,ripple
2025-11-25,198.27849699315337,ripple
2025-11-26,196.03772943415436,ripple
2025-11-27,198.3206766128336,ripple
2025-11-28,196.70336316546332,ripple
2025-11-29,194.8347258711278,ripple
2025-11-30,196.8163091827972,ripple
2025-12-01,193.47539595732707,ripple
2025-12-02,182.00926743068956,ripple
2025-12-03,193.959923935926,ripple
2025-12-04,198.67516367483367,ripple
2025-12-05,188.4036564815104,ripple
2025-12-06,183.12669242543188,ripple
2025-12-07,182.85664385020806,ripple
2025-12-08,183.46812759695698,ripple
2025-12-09,186.84332007627938,ripple
2025-12-10,189.67413896574476,ripple
2025-12-11,183.56791895748475,ripple
2025-12-12,183.75610274197916,ripple
2025-12-13,181.94341382289522,ripple
2025-12-14,183.30869097098866,ripple
2025-12-15,179.43545765184138,ripple
2025-12-16,172.18457390616547,ripple
2025-12-17,175.49340338680184,ripple
2025-12-18,168.32413655527114,ripple
2025-12-19,163.15816666741844,ripple
2025-12-20,170.7460305383028,ripple
2025-12-21,173.06029478469833,ripple
2025-12-22,172.2416909843787,ripple
2025-12-23,170.44686371370824,ripple
2025-12-24,167.60943870293818,ripple
2025-12-25,167.263038742506,ripple
2025-12-26,165.04561899119747,ripple
2025-12-27,165.4727599387115,ripple
2025-12-28,168.25787026308117,ripple
2025-12-29,167.46439538041022,ripple
2025-12-30,166.09410503738397,ripple
2025-12-31,168.32712635635386,ripple
2026-01-01,165.50465976340502,ripple
2026-01-02,168.83131700028437,ripple
2026-01-03,180.63587347344645,ripple
2026-01-04,181.604717549865,ripple
2026-01-05,188.15116047033248,ripple
2026-01-06,212.68825913675275,ripple
2026-01-07,207.89664769535045,ripple
2026-01-08,194.53385609111456,ripple
2026-01-09,191.0649492448141,ripple
2026-01-10,188.9106539953102,ripple
2026-01-11,188.53918738421436,ripple
2026-01-12,186.79244700092443,ripple
2026-01-13,184.9666054512793,ripple
2026-01-14,194.76573909479882,ripple
2026-01-15,193.05483268305784,ripple
2026-01-16,187.72203002413593,ripple
2026-01-17,187.63674968277468,ripple
2026-01-18,187.35163925323047,ripple
2026-01-19,181.00475865978717,ripple
2026-01-20,180.7609122498983,ripple
2026-01-21,171.9897308275541,ripple
2026-01-22,178.52468635788242,ripple
2025-01-23,84.76504079415379,cardano
2025-01-24,85.43323337961299,cardano
2025-01-25,83.73443929213768,cardano
2025-01-26,84.25412804302083,cardano
2025-01-27,82.25690670403469,cardano
2025-01-28,80.6601371614543,cardano
2025-01-29,79.3448854631541,cardano
2025-01-30,81.58423072374804,cardano
2025-01-31,83.26528074083501,cardano
2025-02-01,81.71492108326595,cardano
2025-02-02,77.75499403258142,cardano
2025-02-03,69.10966454385272,cardano
2025-02-04,70.3830826140856,cardano
2025-02-05,65.0464403363772,cardano
2025-02-06,64.04080600060006,cardano
2025-02-07,61.66705727118104,cardano
2025-02-08,62.05473880918835,cardano
2025-02-09,61.643722011021104,cardano
2025-02-10,59.89705546770738,cardano
2025-02-11,62.04383496815326,cardano
2025-02-12,67.70203129669069,cardano
2025-02-13,69.40933896014461,cardano
2025-02-14,70.28286719700957,cardano
2025-02-15,69.41405420475513,cardano
2025-02-16,67.69985641422706,cardano
2025-02-17,66.83701995547005,cardano
2025-02-18,70.11689266962209,cardano
2025-02-19,65.4659868777472,cardano
2025-02-20,67.07839200854932,cardano
2025-02-21,69.59221396937019,cardano
2025-02-22,65.99544628950835,cardano
2025-02-23,67.04968396137849,cardano
2025-02-24,66.76373314654752,cardano
2025-02-25,58.94594959862239,cardano
2025-02-26,59.44694876368938,cardano
2025-02-27,56.19723592281375,cardano
2025-02-28,56.42464203333421,cardano
2025-03-01,55.46321782963104,cardano
2025-03-02,57.579007778527135,cardano
2025-03-03,99.56356298196836,cardano
2025-03-04,74.824906085979,cardano
2025-03-05,82.29336316273705,cardano
2025-03-06,84.74865140431866,cardano
2025-03-07,79.05619840704055,cardano
2025-03-08,71.2210900520218,cardano
2025-03-09,70.0775859102068,cardano
2025-03-10,62.8524145769712,cardano
2025-03-11,58.97253708606998,cardano
2025-03-12,63.043555862073696,cardano
2025-03-13,64.2082951655721,cardano
2025-03-14,60.996033765679414,cardano
2025-03-15,64.22467123554533,cardano
2025-03-16,65.01483383658427,cardano
2025-03-17,61.41237257283294,cardano
2025-03-18,62.42831981546527,cardano
2025-03-19,60.84306591903588,cardano
2025-03-20,64.36169836390926,cardano
2025-03-21,61.966435034649386,cardano
2025-03-22,60.55651329808087,cardano
2025-03-23,60.23818523575654,cardano
2025-03-24,60.937287613390005,cardano
2025-03-25,62.44932219622939,cardano
2025-03-26,63.81818095181509,cardano
2025-03-27,62.355850305453714,cardano
2025-03-28,63.254218768094724,cardano
2025-03-29,60.34570595275153,cardano
2025-03-30,57.658036977023094,cardano
2025-03-31,56.465562638257445,cardano
2025-04-01,56.48043972252815,cardano
2025-04-02,58.052589566995685,cardano
2025-04-03,54.989651974513535,cardano
2025-04-04,55.48723915508344,cardano
2025-04-05,56.54151554526467,cardano
2025-04-06,56.12606051175335,cardano
2025-04-07,49.00984915900423,cardano
2025-04-08,50.292242661908546,cardano
2025-04-09,48.19701682303569,cardano
2025-04-10,54.484661578238175,cardano
2025-04-11,52.614217923172646,cardano
2025-04-12,53.71750051741973,cardano
2025-04-13,56.58202439811311,cardano
2025-04-14,54.765262683287546,cardano
2025-04-15,54.606946794624,cardano
2025-04-16,52.127153101316374,cardano
2025-04-17,52.28553340753893,cardano
2025-04-18,52.672692621782105,cardano
2025-04-19,53.561481121992756,cardano
2025-04-20,53.628158690304076,cardano
2025-04-21,52.95563299755083,cardano
2025-04-22,53.023249709220856,cardano
2025-04-23,58.140220316965774,cardano
2025-04-24,59.61623192941381,cardano
2025-04-25,61.5371314998539,cardano
2025-04-26,60.95496942496237,cardano
2025-04-27,60.417696929795845,cardano
2025-04-28,60.117137229172414,cardano
2025-04-29,60.062902214448975,cardano
2025-04-30,59.25492318958424,cardano
2025-05-01,57.67306710228588,cardano
2025-05-02,59.698918244990374,cardano
2025-05-03,59.02965877347122,cardano
2025-05-04,59.35532403600265,cardano
2025-05-05,57.17166633581773,cardano
2025-05-06,55.85236390874065,cardano
2025-05-07,57.5201392040317,cardano
2025-05-08,56.94444234519786,cardano
2025-05-09,65.82995972941414,cardano
2025-05-10,66.38934555539726,cardano
2025-05-11,71.74943135368702,cardano
2025-05-12,68.74564204621527,cardano
2025-05-13,69.58624425842656,cardano
2025-05-14,70.69844127322915,cardano
2025-05-15,68.25816613793596,cardano
2025-05-16,65.01600416810992,cardano
2025-05-17,65.0929268834778,cardano
2025-05-18,63.54371442775237,cardano
2025-05-19,64.28267870448956,cardano
2025-05-20,63.40071693269791,cardano
2025-05-21,63.77908703047677,cardano
2025-05-22,66.08919742718498,cardano
2025-05-23,69.44684177698961,cardano
2025-05-24,63.65851581273922,cardano
2025-05-25,63.46896165580737,cardano
2025-05-26,64.66441745611672,cardano
2025-05-27,64.57114564503321,cardano
2025-05-28,64.68659967727723,cardano
2025-05-29,63.745241847099,cardano
2025-05-30,61.82498784054102,cardano
2025-05-31,59.15030781317313,cardano
2025-06-01,58.72606746547043,cardano
2025-06-02,58.614769582052716,cardano
2025-06-03,58.907732622193535,cardano
2025-06-04,58.696451961044794,cardano
2025-06-05,57.231640874804874,cardano
2025-06-06,53.93113869376616,cardano
2025-06-07,56.31317499695541,cardano
2025-06-08,57.05795014907728,cardano
2025-06-09,57.446078702173054,cardano
2025-06-10,60.47468899127822,cardano
2025-06-11,61.33686903336959,cardano
2025-06-12,59.64621008544978,cardano
2025-06-13,56.9453897443173,cardano
2025-06-14,55.248806769074754,cardano
2025-06-15,53.82130948709094,cardano
2025-06-16,54.58399537363704,cardano
2025-06-17,54.65989932662203,cardano
2025-06-18,52.799480958169944,cardano
2025-06-19,52.24120091293474,cardano
2025-06-20,52.237690769902166,cardano
2025-06-21,49.95596577553515,cardano
2025-06-22,47.69222667447392,cardano
2025-06-23,46.851352588781204,cardano
2025-06-24,50.365554566173856,cardano
2025-06-25,50.485488833746025,cardano
2025-06-26,48.74543414722187,cardano
2025-06-27,47.476959377553754,cardano
2025-06-28,47.773899912522594,cardano
2025-06-29,48.36372088820031,cardano
2025-06-30,49.35121868459406,cardano
2025-07-01,49.024231877447455,cardano
2025-07-02,46.47906147136474,cardano
2025-07-03,50.10508193547827,cardano
2025-07-04,51.1389023432209,cardano
2025-07-05,49.04459552570318,cardano
2025-07-06,49.42293799715681,cardano
2025-07-07,50.07582314548644,cardano
2025-07-08,49.80125214899605,cardano
2025-07-09,50.421480660752565,cardano
2025-07-10,53.44985145451909,cardano
2025-07-11,58.05401712885033,cardano
2025-07-12,61.01106354939446,cardano
2025-07-13,60.83164566957956,cardano
2025-07-14,63.32758377527596,cardano
2025-07-15,63.09976667427142,cardano
2025-07-16,64.26090718509947,cardano
2025-07-17,65.62943236539081,cardano
2025-07-18,71.01740354665912,cardano
2025-07-19,70.30871255736926,cardano
2025-07-20,71.53703541995023,cardano
2025-07-21,73.9446164963196,cardano
2025-07-22,76.82639845890404,cardano
2025-07-23,77.9470965130442,cardano
2025-07-24,70.4915691299088,cardano
2025-07-25,69.57791503805844,cardano
2025-07-26,70.4871958695852,cardano
2025-07-27,70.85246733905389,cardano
2025-07-28,71.90836730855973,cardano
2025-07-29,68.61107091484637,cardano
2025-07-30,68.1118790919329,cardano
2025-07-31,67.00519468922093,cardano
2025-08-01,64.70774472834266,cardano
2025-08-02,62.282684406662014,cardano
2025-08-03,60.851748253196185,cardano
2025-08-04,63.360975105643156,cardano
2025-08-05,66.38338213945487,cardano
2025-08-06,63.720325504590754,cardano
2025-08-07,65.07503003324219,cardano
2025-08-08,68.7715713484723,cardano
2025-08-09,69.4792410244169,cardano
2025-08-10,70.486250723412,cardano
2025-08-11,70.1044023964993,cardano
2025-08-12,67.87391645676456,cardano
2025-08-13,73.76825359273334,cardano
2025-08-14,79.43335595621838,cardano
2025-08-15,81.18450204425004,cardano
2025-08-16,82.42048519464142,cardano
2025-08-17,80.53307304073188,cardano
2025-08-18,84.29343476129799,cardano
2025-08-19,80.61334406801073,cardano
2025-08-20,73.56391969350794,cardano
2025-08-21,76.70089108419775,cardano
2025-08-22,74.20502026401877,cardano
2025-08-23,81.14861066203149,cardano
2025-08-24,79.74712007771905,cardano
2025-08-25,79.50097600172852,cardano
2025-08-26,73.4432514167914,cardano
2025-08-27,75.96432648722325,cardano
2025-08-28,74.51896004943299,cardano
2025-08-29,75.08194612805272,cardano
2025-08-30,72.9368918317864,cardano
2025-08-31,72.47607540788042,cardano
2025-09-01,71.57066229554249,cardano
2025-09-02,70.3504490478379,cardano
2025-09-03,73.44102528146782,cardano
2025-09-04,73.613330623183,cardano
2025-09-05,71.4660558370786,cardano
2025-09-06,73.27107865746497,cardano
2025-09-07,72.18533454724448,cardano
2025-09-08,73.750827645451,cardano
2025-09-09,76.07519735458068,cardano
2025-09-10,76.30328974628871,cardano
2025-09-11,77.95591104891551,cardano
2025-09-12,78.90715848998936,cardano
2025-09-13,80.94610003223875,cardano
2025-09-14,82.09410941528783,cardano
2025-09-15,78.42904415492816,cardano
2025-09-16,75.99165478219383,cardano
2025-09-17,77.37270155515164,cardano
2025-09-18,80.22961114941452,cardano
2025-09-19,81.6095032058992,cardano
2025-09-20,78.45771964661927,cardano
2025-09-21,78.63535587183618,cardano
2025-09-22,77.9699869653689,cardano
2025-09-23,72.9019877591022,cardano
2025-09-24,71.8376858739029,cardano
2025-09-25,72.12252742984586,cardano
2025-09-26,67.63883790313331,cardano
2025-09-27,70.17176608632792,cardano
2025-09-28,69.27017993700203,cardano
2025-09-29,71.6543447501237,cardano
2025-09-30,71.59659093857383,cardano
2025-10-01,71.68254520728877,cardano
2025-10-02,75.30780292461466,cardano
2025-10-03,77.11705587912661,cardano
2025-10-04,76.88529173162847,cardano
2025-10-05,74.52974877864781,cardano
2025-10-06,74.32007666199407,cardano
2025-10-07,77.37677091628191,cardano
2025-10-08,72.86365361714664,cardano
2025-10-09,74.46193462779044,cardano
2025-10-10,72.45252240745417,cardano
2025-10-11,56.687137014719625,cardano
2025-10-12,56.08718851504312,cardano
2025-10-13,62.23401386007152,cardano
2025-10-14,64.59579889897228,cardano
2025-10-15,62.12526659991732,cardano
2025-10-16,58.67678944398841,cardano
2025-10-17,56.713780300941835,cardano
2025-10-18,55.0343109451128,cardano
2025-10-19,55.8141990745481,cardano
2025-10-20,57.40291320558306,cardano
2025-10-21,58.29332129777055,cardano
2025-10-22,56.56174763159032,cardano
2025-10-23,54.65794584669173,cardano
2025-10-24,56.395855046081685,cardano
2025-10-25,57.55055581123451,cardano
2025-10-26,57.544894266736044,cardano
2025-10-27,59.89073476566586,cardano
2025-10-28,58.91297210649657,cardano
2025-10-29,57.01452180753104,cardano
2025-10-30,56.50967918675506,cardano
2025-10-31,53.22534737655235,cardano
2025-11-01,54.11682900121573,cardano
2025-11-02,54.367391100409165,cardano
2025-11-03,54.02300787356406,cardano
2025-11-04,48.93661736216592,cardano
2025-11-05,46.33575322645831,cardano
2025-11-06,48.38374104020577,cardano
2025-11-07,47.014350703425656,cardano
2025-11-08,51.197899831000036,cardano
2025-11-09,50.47793436586556,cardano
2025-11-10,51.251579402275524,cardano
2025-11-11,52.59027737441156,cardano
2025-11-12,49.21636913511942,cardano
2025-11-13,48.27701947877744,cardano
2025-11-14,47.06837260896307,cardano
2025-11-15,44.31985750035874,cardano
2025-11-16,44.65804436778055,cardano
2025-11-17,43.052112746283946,cardano
2025-11-18,41.15694247697542,cardano
2025-11-19,42.000471504352205,cardano
2025-11-20,40.913583728644795,cardano
2025-11-21,38.42854419037266,cardano
2025-11-22,36.67741103693628,cardano
2025-11-23,36.2355298985229,cardano
2025-11-24,36.63984833089355,cardano
2025-11-25,38.170860152164686,cardano
2025-11-26,37.62073857340711,cardano
2025-11-27,38.81229428478082,cardano
2025-11-28,38.80037696164381,cardano
2025-11-29,37.55245322679349,cardano
2025-11-30,37.126032117511286,cardano
2025-12-01,37.16297997215228,cardano
2025-12-02,34.58313141682828,cardano
2025-12-03,39.03172619396574,cardano
2025-12-04,40.63106603629559,cardano
2025-12-05,39.47562148538982,cardano
2025-12-06,37.42514544043495,cardano
2025-12-07,37.19605363753303,cardano
2025-12-08,37.452322726672755,cardano
2025-12-09,38.926091911097906,cardano
2025-12-10,42.226546398727876,cardano
2025-12-11,40.71886443217961,cardano
2025-12-12,38.37646452281977,cardano
2025-12-13,37.040947290862064,cardano
2025-12-14,37.21735504367033,cardano
2025-12-15,35.94543516406314,cardano
2025-12-16,35.20609743543189,cardano
2025-12-17,35.030431046104255,cardano
2025-12-18,33.14055732026334,cardano
2025-12-19,31.715199677613732,cardano
2025-12-20,33.735266695663626,cardano
2025-12-21,33.41149473156285,cardano
2025-12-22,32.774908838687765,cardano
2025-12-23,33.200989747517006,cardano
2025-12-24,32.47427580295638,cardano
2025-12-25,32.01869465699088,cardano
2025-12-26,30.90522345158099,cardano
2025-12-27,31.38760009628236,cardano
2025-12-28,33.15970328835265,cardano
2025-12-29,33.04987770652232,cardano
2025-12-30,31.71898189452914,cardano
2025-12-31,31.519047668202994,cardano
2026-01-01,29.933655031229804,cardano
2026-01-02,32.04302601496097,cardano
2026-01-03,35.38512768093136,cardano
2026-01-04,35.04660956468271,cardano
2026-01-05,35.950163996787914,cardano
2026-01-06,38.11499219534099,cardano
2026-01-07,37.83678072312271,cardano
2026-01-08,36.0869768174452,cardano
2026-01-09,35.573532295187114,cardano
2026-01-10,35.267636620339125,cardano
2026-01-11,35.02930429519167,cardano
2026-01-12,35.2147178200155,cardano
2026-01-13,34.77615587215386,cardano
2026-01-14,37.93409532345037,cardano
2026-01-15,37.40959823641684,cardano
2026-01-16,35.56460384333418,cardano
2026-01-17,35.87645907814403,cardano
2026-01-18,36.00320831287794,cardano
2026-01-19,34.26615961345553,cardano
2026-01-20,33.65269801807225,cardano
2026-01-21,31.974212986946483,cardano
2026-01-22,33.41024082570321,cardano
