datetime,price,coin
2025-01-23 00:00:00,8964946.049272345,bitcoin
2025-01-24 00:00:00,8998507.68711584,bitcoin
2025-01-25 00:00:00,9035194.859879067,bitcoin
2025-01-26 00:00:00,9031820.575388502,bitcoin
2025-01-27 00:00:00,8840730.321759636,bitcoin
2025-01-28 00:00:00,8813004.62310299,bitcoin
2025-01-29 00:00:00,8773589.21760404,bitcoin
2025-01-30 00:00:00,8986342.542373687,bitcoin
2025-01-31 00:00:00,9079030.834732356,bitcoin
2025-02-01 00:00:00,8876282.254884763,bitcoin
2025-02-02 00:00:00,8714560.729715146,bitcoin
2025-02-03 00:00:00,8448647.568321917,bitcoin
2025-02-04 00:00:00,8821899.22031773,bitcoin
2025-02-05 00:00:00,8544188.028439142,bitcoin
2025-02-06 00:00:00,8435196.808124574,bitcoin
2025-02-07 00:00:00,8465025.732744236,bitcoin
2025-02-08 00:00:00,8476794.460583407,bitcoin
2025-02-09 00:00:00,8476775.262421489,bitcoin
2025-02-10 00:00:00,8468155.630744008,bitcoin
2025-02-11 00:00:00,8519902.0973004,bitcoin
2025-02-12 00:00:00,8311326.258525673,bitcoin
2025-02-13 00:00:00,8509967.786199097,bitcoin
2025-02-14 00:00:00,8375908.598984329,bitcoin
2025-02-15 00:00:00,8449165.834342096,bitcoin
2025-02-16 00:00:00,8452533.700253459,bitcoin
2025-02-17 00:00:00,8331280.757968706,bitcoin
2025-02-18 00:00:00,8318633.34814442,bitcoin
2025-02-19 00:00:00,8297394.500778342,bitcoin
2025-02-20 00:00:00,8388981.733716331,bitcoin
2025-02-21 00:00:00,8507227.974250102,bitcoin
2025-02-22 00:00:00,8330049.59390641,bitcoin
2025-02-23 00:00:00,8362407.852954888,bitcoin
2025-02-24 00:00:00,8341958.303704703,bitcoin
2025-02-25 00:00:00,7922797.740624487,bitcoin
2025-02-26 00:00:00,7729282.415455005,bitcoin
2025-02-27 00:00:00,7314307.147526646,bitcoin
2025-02-28 00:00:00,7397416.663356487,bitcoin
2025-03-01 00:00:00,7386259.847331922,bitcoin
2025-03-02 00:00:00,7523008.862171689,bitcoin
2025-03-03 00:00:00,8244472.61232367,bitcoin
2025-03-04 00:00:00,7521257.854514662,bitcoin
2025-03-05 00:00:00,7615008.334491884,bitcoin
2025-03-06 00:00:00,7869430.047939962,bitcoin
2025-03-07 00:00:00,7841736.557001183,bitcoin
2025-03-08 00:00:00,7562231.150267524,bitcoin
2025-03-09 00:00:00,7503958.351863089,bitcoin
2025-03-10 00:00:00,7035607.792612969,bitcoin
2025-03-11 00:00:00,6882112.04135304,bitcoin
2025-03-12 00:00:00,7220111.199834512,bitcoin
2025-03-13 00:00:00,7311397.167011021,bitcoin
2025-03-14 00:00:00,7049331.751158462,bitcoin
2025-03-15 00:00:00,7301205.756783538,bitcoin
2025-03-16 00:00:00,7337203.4861049205,bitcoin
2025-03-17 00:00:00,7182714.546311197,bitcoin
2025-03-18 00:00:00,7307625.213417549,bitcoin
2025-03-19 00:00:00,7166130.900539224,bitcoin
2025-03-20 00:00:00,7495414.341859128,bitcoin
2025-03-21 00:00:00,7275140.94449613,bitcoin
2025-03-22 00:00:00,7224000.906005809,bitcoin
2025-03-23 00:00:00,7205763.671408613,bitcoin
2025-03-24 00:00:00,7377568.408827406,bitcoin
2025-03-25 00:00:00,7471026.999919416,bitcoin
2025-03-26 00:00:00,7490943.665690553,bitcoin
2025-03-27 00:00:00,7448415.462567322,bitcoin
2025-03-28 00:00:00,7474953.075439318,bitcoin
2025-03-29 00:00:00,7216289.858225705,bitcoin
2025-03-30 00:00:00,7072289.607125187,bitcoin
2025-03-31 00:00:00,7044678.366106417,bitcoin
2025-04-01 00:00:00,7049110.1215911815,bitcoin
2025-04-02 00:00:00,7295181.762562074,bitcoin
2025-04-03 00:00:00,7072204.244187081,bitcoin
2025-04-04 00:00:00,7092361.1660758825,bitcoin
2025-04-05 00:00:00,7177434.935222951,bitcoin
2025-04-06 00:00:00,7149914.289024058,bitcoin
2025-04-07 00:00:00,6689389.08502666,bitcoin
2025-04-08 00:00:00,6810911.664670934,bitcoin
2025-04-09 00:00:00,6597493.475585312,bitcoin
2025-04-10 00:00:00,7122745.761241968,bitcoin
2025-04-11 00:00:00,6866025.560636041,bitcoin
2025-04-12 00:00:00,7182775.418149425,bitcoin
2025-04-13 00:00:00,7333947.924555619,bitcoin
2025-04-14 00:00:00,7187425.846627208,bitcoin
2025-04-15 00:00:00,7271599.950976666,bitcoin
2025-04-16 00:00:00,7171572.949306771,bitcoin
2025-04-17 00:00:00,7201187.29755112,bitcoin
2025-04-18 00:00:00,7251703.328254263,bitcoin
2025-04-19 00:00:00,7209254.173849113,bitcoin
2025-04-20 00:00:00,7268417.49030321,bitcoin
2025-04-21 00:00:00,7263849.726468839,bitcoin
2025-04-22 00:00:00,7447341.987486609,bitcoin
2025-04-23 00:00:00,7975735.892697773,bitcoin
2025-04-24 00:00:00,8003280.21321444,bitcoin
2025-04-25 00:00:00,8000169.783417303,bitcoin
2025-04-26 00:00:00,8092178.475391482,bitcoin
2025-04-27 00:00:00,8081159.94608841,bitcoin
2025-04-28 00:00:00,8009924.38113424,bitcoin
2025-04-29 00:00:00,8092853.390805625,bitcoin
2025-04-30 00:00:00,8027696.597798843,bitcoin
2025-05-01 00:00:00,7968688.759781316,bitcoin
2025-05-02 00:00:00,8167058.515487802,bitcoin
2025-05-03 00:00:00,8196935.158997864,bitcoin
2025-05-04 00:00:00,8118000.316161074,bitcoin
2025-05-05 00:00:00,7973099.086450076,bitcoin
2025-05-06 00:00:00,7980688.008703099,bitcoin
2025-05-07 00:00:00,8207545.052481962,bitcoin
2025-05-08 00:00:00,8229539.783984127,bitcoin
2025-05-09 00:00:00,8868161.595114123,bitcoin
2025-05-10 00:00:00,8794022.755272726,bitcoin
2025-05-11 00:00:00,8936515.44901635,bitcoin
2025-05-12 00:00:00,8882429.185761888,bitcoin
2025-05-13 00:00:00,8739740.641206343,bitcoin
2025-05-14 00:00:00,8860925.91388854,bitcoin
2025-05-15 00:00:00,8854656.259617174,bitcoin
2025-05-16 00:00:00,8861418.050018335,bitcoin
2025-05-17 00:00:00,8862661.820151662,bitcoin
2025-05-18 00:00:00,8833249.416670207,bitcoin
2025-05-19 00:00:00,9065676.354329923,bitcoin
2025-05-20 00:00:00,9017978.28123392,bitcoin
2025-05-21 00:00:00,9134061.037906067,bitcoin
2025-05-22 00:00:00,9387459.456660772,bitcoin
2025-05-23 00:00:00,9591418.421810476,bitcoin
2025-05-24 00:00:00,9121570.655984685,bitcoin
2025-05-25 00:00:00,9173866.493436038,bitcoin
2025-05-26 00:00:00,9274975.732278159,bitcoin
2025-05-27 00:00:00,9314436.685236426,bitcoin
2025-05-28 00:00:00,9310175.102671716,bitcoin
2025-05-29 00:00:00,9208280.990679564,bitcoin
2025-05-30 00:00:00,9026592.666677358,bitcoin
2025-05-31 00:00:00,8900073.972215421,bitcoin
2025-06-01 00:00:00,8957968.682594351,bitcoin
2025-06-02 00:00:00,9040802.274014382,bitcoin
2025-06-03 00:00:00,9038740.617012177,bitcoin
2025-06-04 00:00:00,9036688.899610182,bitcoin
2025-06-05 00:00:00,9003749.459208991,bitcoin
2025-06-06 00:00:00,8729536.730077919,bitcoin
2025-06-07 00:00:00,8957197.574287502,bitcoin
2025-06-08 00:00:00,9066295.741750069,bitcoin
2025-06-09 00:00:00,9066867.46885247,bitcoin
2025-06-10 00:00:00,9455619.179043707,bitcoin
2025-06-11 00:00:00,9440056.689266069,bitcoin
2025-06-12 00:00:00,9288882.88186932,bitcoin
2025-06-13 00:00:00,9081227.025134273,bitcoin
2025-06-14 00:00:00,9132702.543985052,bitcoin
2025-06-15 00:00:00,9084246.101299008,bitcoin
2025-06-16 00:00:00,9090411.27477335,bitcoin
2025-06-17 00:00:00,9208980.453923177,bitcoin
2025-06-18 00:00:00,9039952.955659283,bitcoin
2025-06-19 00:00:00,9070436.848135183,bitcoin
2025-06-20 00:00:00,9080584.318377115,bitcoin
2025-06-21 00:00:00,8945088.576284403,bitcoin
2025-06-22 00:00:00,8792883.07729243,bitcoin
2025-06-23 00:00:00,8731873.284684414,bitcoin
2025-06-24 00:00:00,9111429.945371069,bitcoin
2025-06-25 00:00:00,9111165.38661966,bitcoin
2025-06-26 00:00:00,9223086.808659252,bitcoin
2025-06-27 00:00:00,9165684.099752242,bitcoin
2025-06-28 00:00:00,9156217.740562832,bitcoin
2025-06-29 00:00:00,9177823.305095606,bitcoin
2025-06-30 00:00:00,9263092.465181679,bitcoin
2025-07-01 00:00:00,9181709.414667957,bitcoin
2025-07-02 00:00:00,9054321.250569785,bitcoin
2025-07-03 00:00:00,9325640.339018358,bitcoin
2025-07-04 00:00:00,9360532.463404836,bitcoin
2025-07-05 00:00:00,9250500.062624797,bitcoin
2025-07-06 00:00:00,9285248.177863376,bitcoin
2025-07-07 00:00:00,9337523.923073687,bitcoin
2025-07-08 00:00:00,9302203.177316865,bitcoin
2025-07-09 00:00:00,9338122.035800587,bitcoin
2025-07-10 00:00:00,9541743.483380785,bitcoin
2025-07-11 00:00:00,9934947.612549465,bitcoin
2025-07-12 00:00:00,10091339.413757524,bitcoin
2025-07-13 00:00:00,10078287.164944079,bitcoin
2025-07-14 00:00:00,10222853.345055208,bitcoin
2025-07-15 00:00:00,10301939.218478084,bitcoin
2025-07-16 00:00:00,10119542.204331392,bitcoin
2025-07-17 00:00:00,10198739.393321177,bitcoin
2025-07-18 00:00:00,10277885.47839658,bitcoin
2025-07-19 00:00:00,10164069.670952292,bitcoin
2025-07-20 00:00:00,10156547.547410768,bitcoin
2025-07-21 00:00:00,10101549.352407157,bitcoin
2025-07-22 00:00:00,10136533.758092493,bitcoin
2025-07-23 00:00:00,10357349.26643955,bitcoin
2025-07-24 00:00:00,10249425.74900696,bitcoin
2025-07-25 00:00:00,10229427.683390176,bitcoin
2025-07-26 00:00:00,10168020.4311719,bitcoin
2025-07-27 00:00:00,10203795.311577797,bitcoin
2025-07-28 00:00:00,10330494.375551593,bitcoin
2025-07-29 00:00:00,10240072.841855934,bitcoin
2025-07-30 00:00:00,10260715.669243045,bitcoin
2025-07-31 00:00:00,10330510.927890545,bitcoin
2025-08-01 00:00:00,10122552.718401065,bitcoin
2025-08-02 00:00:00,9870309.502282668,bitcoin
2025-08-03 00:00:00,9811174.470132805,bitcoin
2025-08-04 00:00:00,9963363.104407016,bitcoin
2025-08-05 00:00:00,10119947.866363142,bitcoin
2025-08-06 00:00:00,10011721.5506572,bitcoin
2025-08-07 00:00:00,10094655.435390146,bitcoin
2025-08-08 00:00:00,10270107.263258504,bitcoin
2025-08-09 00:00:00,10236807.855788205,bitcoin
2025-08-10 00:00:00,10220759.730383817,bitcoin
2025-08-11 00:00:00,10434491.300112702,bitcoin
2025-08-12 00:00:00,10412275.449238887,bitcoin
2025-08-13 00:00:00,10529495.638104321,bitcoin
2025-08-14 00:00:00,10805439.78369676,bitcoin
2025-08-15 00:00:00,10383230.847886154,bitcoin
2025-08-16 00:00:00,10268856.947554458,bitcoin
2025-08-17 00:00:00,10282983.838569582,bitcoin
2025-08-18 00:00:00,10286533.101169772,bitcoin
2025-08-19 00:00:00,10148644.242275473,bitcoin
2025-08-20 00:00:00,9819786.419050021,bitcoin
2025-08-21 00:00:00,9942066.543754837,bitcoin
2025-08-22 00:00:00,9813063.27750558,bitcoin
2025-08-23 00:00:00,10203164.21582744,bitcoin
2025-08-24 00:00:00,10074416.19618185,bitcoin
2025-08-25 00:00:00,9903221.35080575,bitcoin
2025-08-26 00:00:00,9653212.189243559,bitcoin
2025-08-27 00:00:00,9801777.668906499,bitcoin
2025-08-28 00:00:00,9749130.25886824,bitcoin
2025-08-29 00:00:00,9856302.06893481,bitcoin
2025-08-30 00:00:00,9564432.013993934,bitcoin
2025-08-31 00:00:00,9591794.692119835,bitcoin
2025-09-01 00:00:00,9545191.818462053,bitcoin
2025-09-02 00:00:00,9606486.0790093,bitcoin
2025-09-03 00:00:00,9784574.242949013,bitcoin
2025-09-04 00:00:00,9838796.609221794,bitcoin
2025-09-05 00:00:00,9765163.284050079,bitcoin
2025-09-06 00:00:00,9759026.631183332,bitcoin
2025-09-07 00:00:00,9718962.630296323,bitcoin
2025-09-08 00:00:00,9800346.003033817,bitcoin
2025-09-09 00:00:00,9856054.84901548,bitcoin
2025-09-10 00:00:00,9840553.151484529,bitcoin
2025-09-11 00:00:00,10035954.764445597,bitcoin
2025-09-12 00:00:00,10195205.098488238,bitcoin
2025-09-13 00:00:00,10254357.380846838,bitcoin
2025-09-14 00:00:00,10237593.3071353,bitcoin
2025-09-15 00:00:00,10184894.127284445,bitcoin
2025-09-16 00:00:00,10169238.650025213,bitcoin
2025-09-17 00:00:00,10261685.530263504,bitcoin
2025-09-18 00:00:00,10237752.888404036,bitcoin
2025-09-19 00:00:00,10333070.25718556,bitcoin
2025-09-20 00:00:00,10189201.725638028,bitcoin
2025-09-21 00:00:00,10194461.688819751,bitcoin
2025-09-22 00:00:00,10158260.693491202,bitcoin
2025-09-23 00:00:00,9951646.271657305,bitcoin
2025-09-24 00:00:00,9948492.512889242,bitcoin
2025-09-25 00:00:00,10060469.351465985,bitcoin
2025-09-26 00:00:00,9673068.167457229,bitcoin
2025-09-27 00:00:00,9728251.057537576,bitcoin
2025-09-28 00:00:00,9723915.967631772,bitcoin
2025-09-29 00:00:00,9944472.608696878,bitcoin
2025-09-30 00:00:00,10139763.924082505,bitcoin
2025-10-01 00:00:00,10130020.723922314,bitcoin
2025-10-02 00:00:00,10509252.859358784,bitcoin
2025-10-03 00:00:00,10700725.995237181,bitcoin
2025-10-04 00:00:00,10847910.013598107,bitcoin
2025-10-05 00:00:00,10859533.642673422,bitcoin
2025-10-06 00:00:00,10959365.064936124,bitcoin
2025-10-07 00:00:00,11070472.246732509,bitcoin
2025-10-08 00:00:00,10783920.730192943,bitcoin
2025-10-09 00:00:00,10949945.97908964,bitcoin
2025-10-10 00:00:00,10814774.599012492,bitcoin
2025-10-11 00:00:00,10047260.111235712,bitcoin
2025-10-12 00:00:00,9838358.210748602,bitcoin
2025-10-13 00:00:00,10223942.881584922,bitcoin
2025-10-14 00:00:00,10216224.051870666,bitcoin
2025-10-15 00:00:00,10046351.075825775,bitcoin
2025-10-16 00:00:00,9721344.884648668,bitcoin
2025-10-17 00:00:00,9509774.024195194,bitcoin
2025-10-18 00:00:00,9369768.130232994,bitcoin
2025-10-19 00:00:00,9432476.848616607,bitcoin
2025-10-20 00:00:00,9558930.877185136,bitcoin
2025-10-21 00:00:00,9720308.914971137,bitcoin
2025-10-22 00:00:00,9549158.301143315,bitcoin
2025-10-23 00:00:00,9442499.946295625,bitcoin
2025-10-24 00:00:00,9659976.397607893,bitcoin
2025-10-25 00:00:00,9747832.72977752,bitcoin
2025-10-26 00:00:00,9802501.15016422,bitcoin
2025-10-27 00:00:00,10055171.794296525,bitcoin
2025-10-28 00:00:00,10073474.454011032,bitcoin
2025-10-29 00:00:00,9965129.220872145,bitcoin
2025-10-30 00:00:00,9722166.86543983,bitcoin
2025-10-31 00:00:00,9593893.17104472,bitcoin
2025-11-01 00:00:00,9734748.91964181,bitcoin
2025-11-02 00:00:00,9765788.362963019,bitcoin
2025-11-03 00:00:00,9824421.072227614,bitcoin
2025-11-04 00:00:00,9450928.858755054,bitcoin
2025-11-05 00:00:00,9018317.599498693,bitcoin
2025-11-06 00:00:00,9199126.082980732,bitcoin
2025-11-07 00:00:00,8984607.813501872,bitcoin
2025-11-08 00:00:00,9167651.236387476,bitcoin
2025-11-09 00:00:00,9069592.039128657,bitcoin
2025-11-10 00:00:00,9283589.00601575,bitcoin
2025-11-11 00:00:00,9394913.182233905,bitcoin
2025-11-12 00:00:00,9108594.696793688,bitcoin
2025-11-13 00:00:00,8994239.327086337,bitcoin
2025-11-14 00:00:00,8857694.85444411,bitcoin
2025-11-15 00:00:00,8376936.116014769,bitcoin
2025-11-16 00:00:00,8470582.749251666,bitcoin
2025-11-17 00:00:00,8373085.239387692,bitcoin
2025-11-18 00:00:00,8157780.455111292,bitcoin
2025-11-19 00:00:00,8219844.429070548,bitcoin
2025-11-20 00:00:00,8084502.70583037,bitcoin
2025-11-21 00:00:00,7685198.360480496,bitcoin
2025-11-22 00:00:00,7622398.708162882,bitcoin
2025-11-23 00:00:00,7591078.566298594,bitcoin
2025-11-24 00:00:00,7778520.446850556,bitcoin
2025-11-25 00:00:00,7865475.253834086,bitcoin
2025-11-26 00:00:00,7783791.323601658,bitcoin
2025-11-27 00:00:00,8066930.863801428,bitcoin
2025-11-28 00:00:00,8157156.351483771,bitcoin
2025-11-29 00:00:00,8126220.637986011,bitcoin
2025-11-30 00:00:00,8116488.479072998,bitcoin
2025-12-01 00:00:00,8078246.317717989,bitcoin
2025-12-02 00:00:00,7731939.31508293,bitcoin
2025-12-03 00:00:00,8213485.439946512,bitcoin
2025-12-04 00:00:00,8441734.894689914,bitcoin
2025-12-05 00:00:00,8277612.193785475,bitcoin
2025-12-06 00:00:00,8033337.656068311,bitcoin
2025-12-07 00:00:00,8028324.929700683,bitcoin
2025-12-08 00:00:00,8110183.521497487,bitcoin
2025-12-09 00:00:00,8167418.75650716,bitcoin
2025-12-10 00:00:00,8337407.11660591,bitcoin
2025-12-11 00:00:00,8261440.281355997,bitcoin
2025-12-12 00:00:00,8347818.307928058,bitcoin
2025-12-13 00:00:00,8175319.49414227,bitcoin
2025-12-14 00:00:00,8175924.735194205,bitcoin
2025-12-15 00:00:00,7992348.231966222,bitcoin
2025-12-16 00:00:00,7844409.288926788,bitcoin
2025-12-17 00:00:00,7987315.985984798,bitcoin
2025-12-18 00:00:00,7781471.915537124,bitcoin
2025-12-19 00:00:00,7712879.171308659,bitcoin
2025-12-20 00:00:00,7892110.371399885,bitcoin
2025-12-21 00:00:00,7913974.621357582,bitcoin
2025-12-22 00:00:00,7933999.65474005,bitcoin
2025-12-23 00:00:00,7929162.75966298,bitcoin
2025-12-24 00:00:00,7820620.968822208,bitcoin
2025-12-25 00:00:00,7872946.774052088,bitcoin
2025-12-26 00:00:00,7860175.221034703,bitcoin
2025-12-27 00:00:00,7838865.798860937,bitcoin
2025-12-28 00:00:00,7886342.002067149,bitcoin
2025-12-29 00:00:00,7887770.596681177,bitcoin
2025-12-30 00:00:00,7835388.056690424,bitcoin
2025-12-31 00:00:00,7936951.056508718,bitcoin
2026-01-01 00:00:00,7875103.91153735,bitcoin
2026-01-02 00:00:00,7982611.090931888,bitcoin
2026-01-03 00:00:00,8094664.567193232,bitcoin
2026-01-04 00:00:00,8154755.980058913,bitcoin
2026-01-05 00:00:00,8224912.970329631,bitcoin
2026-01-06 00:00:00,8475311.204337161,bitcoin
2026-01-07 00:00:00,8443838.294347357,bitcoin
2026-01-08 00:00:00,8200790.873528976,bitcoin
2026-01-09 00:00:00,8179932.125614385,bitcoin
2026-01-10 00:00:00,8169727.593041189,bitcoin
2026-01-11 00:00:00,8164051.8328820085,bitcoin
2026-01-12 00:00:00,8196362.9552232,bitcoin
2026-01-13 00:00:00,8214254.506811856,bitcoin
2026-01-14 00:00:00,8600260.479528198,bitcoin
2026-01-15 00:00:00,8754772.557780331,bitcoin
2026-01-16 00:00:00,8637202.771129187,bitcoin
2026-01-17 00:00:00,8665871.041073622,bitcoin
2026-01-18 00:00:00,8641731.269593248,bitcoin
2026-01-19 00:00:00,8504968.615885023,bitcoin
2026-01-20 00:00:00,8414003.970645163,bitcoin
2026-01-21 00:00:00,8046939.8302773405,bitcoin
2026-01-22 00:00:00,8179241.969294843,bitcoin
2026-01-22 06:33:00,8238544.966699029,bitcoin
2025-01-23 00:00:00,279938.5285207083,ethereum
2025-01-24 00:00:00,288161.2714104731,ethereum
2025-01-25 00:00:00,285430.96289722796,ethereum
2025-01-26 00:00:00,286144.6955534201,ethereum
2025-01-27 00:00:00,278645.15540803265,ethereum
2025-01-28 00:00:00,274311.44561340706,ethereum
2025-01-29 00:00:00,266420.5240324135,ethereum
2025-01-30 00:00:00,269838.63373123837,ethereum
2025-01-31 00:00:00,281451.9111190414,ethereum
2025-02-01 00:00:00,285788.3326057624,ethereum
2025-02-02 00:00:00,270508.03883529286,ethereum
2025-02-03 00:00:00,247887.06146244158,ethereum
2025-02-04 00:00:00,250207.63787465976,ethereum
2025-02-05 00:00:00,238633.334547457,ethereum
2025-02-06 00:00:00,243716.64021985515,ethereum
2025-02-07 00:00:00,235345.0312551231,ethereum
2025-02-08 00:00:00,230310.76952145732,ethereum
2025-02-09 00:00:00,231377.4475379711,ethereum
2025-02-10 00:00:00,230896.4394453673,ethereum
2025-02-11 00:00:00,232705.05709732708,ethereum
2025-02-12 00:00:00,225973.10123115187,ethereum
2025-02-13 00:00:00,238005.71716377433,ethereum
2025-02-14 00:00:00,232095.15142141344,ethereum
2025-02-15 00:00:00,236142.63877179415,ethereum
2025-02-16 00:00:00,233280.46311334922,ethereum
2025-02-17 00:00:00,230478.8186546242,ethereum
2025-02-18 00:00:00,238148.0286364504,ethereum
2025-02-19 00:00:00,231945.5699539432,ethereum
2025-02-20 00:00:00,235870.2636982932,ethereum
2025-02-21 00:00:00,237063.79602829125,ethereum
2025-02-22 00:00:00,230344.07171990906,ethereum
2025-02-23 00:00:00,239391.7920926158,ethereum
2025-02-24 00:00:00,244834.16977505904,ethereum
2025-02-25 00:00:00,216983.40981432973,ethereum
2025-02-26 00:00:00,217304.159336794,ethereum
2025-02-27 00:00:00,202765.03870967304,ethereum
2025-02-28 00:00:00,201317.5125202556,ethereum
2025-03-01 00:00:00,195516.66716854277,ethereum
2025-03-02 00:00:00,193559.06747479382,ethereum
2025-03-03 00:00:00,220175.98842114926,ethereum
2025-03-04 00:00:00,187601.93013882774,ethereum
2025-03-05 00:00:00,189391.99179852934,ethereum
2025-03-06 00:00:00,194675.72885365813,ethereum
2025-03-07 00:00:00,191886.11355343607,ethereum
2025-03-08 00:00:00,186564.74028701626,ethereum
2025-03-09 00:00:00,191643.05645176853,ethereum
2025-03-10 00:00:00,175758.37045736366,ethereum
2025-03-11 00:00:00,164149.389538545,ethereum
2025-03-12 00:00:00,167538.8977230319,ethereum
2025-03-13 00:00:00,166533.75651871518,ethereum
2025-03-14 00:00:00,161919.08161409126,ethereum
2025-03-15 00:00:00,166129.37514050907,ethereum
2025-03-16 00:00:00,168649.33224748378,ethereum
2025-03-17 00:00:00,164134.74219204995,ethereum
2025-03-18 00:00:00,167679.9006033522,ethereum
2025-03-19 00:00:00,167319.001543521,ethereum
2025-03-20 00:00:00,177917.82793888426,ethereum
2025-03-21 00:00:00,171006.12473780697,ethereum
2025-03-22 00:00:00,168930.37673281875,ethereum
2025-03-23 00:00:00,170229.9761188356,ethereum
2025-03-24 00:00:00,172085.9718554942,ethereum
2025-03-25 00:00:00,177753.92370784696,ethereum
2025-03-26 00:00:00,177052.68464483944,ethereum
2025-03-27 00:00:00,172151.5682806194,ethereum
2025-03-28 00:00:00,171697.82772804037,ethereum
2025-03-29 00:00:00,162266.37796915465,ethereum
2025-03-30 00:00:00,156474.22180351955,ethereum
2025-03-31 00:00:00,154426.70647452315,ethereum
2025-04-01 00:00:00,155840.4924805317,ethereum
2025-04-02 00:00:00,163227.64895741257,ethereum
2025-04-03 00:00:00,153890.04212059852,ethereum
2025-04-04 00:00:00,155066.27550185894,ethereum
2025-04-05 00:00:00,155313.1292931023,ethereum
2025-04-06 00:00:00,154802.90633012433,ethereum
2025-04-07 00:00:00,134677.50142669896,ethereum
2025-04-08 00:00:00,133837.57278106204,ethereum
2025-04-09 00:00:00,127176.85742857557,ethereum
2025-04-10 00:00:00,143324.73934384843,ethereum
2025-04-11 00:00:00,131454.92128790365,ethereum
2025-04-12 00:00:00,134990.81789744264,ethereum
2025-04-13 00:00:00,141499.98989505236,ethereum
2025-04-14 00:00:00,137163.51905527923,ethereum
2025-04-15 00:00:00,139502.26918137303,ethereum
2025-04-16 00:00:00,136118.34029958773,ethereum
2025-04-17 00:00:00,135084.25007491114,ethereum
2025-04-18 00:00:00,135202.85645156694,ethereum
2025-04-19 00:00:00,135687.4227659859,ethereum
2025-04-20 00:00:00,137898.7403436233,ethereum
2025-04-21 00:00:00,135372.22120159038,ethereum
2025-04-22 00:00:00,134334.00818529903,ethereum
2025-04-23 00:00:00,149984.44480204728,ethereum
2025-04-24 00:00:00,153384.6912264906,ethereum
2025-04-25 00:00:00,150793.82263866183,ethereum
2025-04-26 00:00:00,152736.0854367373,ethereum
2025-04-27 00:00:00,155508.64352977095,ethereum
2025-04-28 00:00:00,153154.64715995087,ethereum
2025-04-29 00:00:00,153246.47199208362,ethereum
2025-04-30 00:00:00,153045.86830616,ethereum
2025-05-01 00:00:00,151706.98921091956,ethereum
2025-05-02 00:00:00,155745.16924065605,ethereum
2025-05-03 00:00:00,155840.93772632716,ethereum
2025-05-04 00:00:00,155254.81405305702,ethereum
2025-05-05 00:00:00,152837.10606631296,ethereum
2025-05-06 00:00:00,153282.69389658255,ethereum
2025-05-07 00:00:00,153903.86052217713,ethereum
2025-05-08 00:00:00,153546.46543390723,ethereum
2025-05-09 00:00:00,189067.0538600533,ethereum
2025-05-10 00:00:00,199979.47617304884,ethereum
2025-05-11 00:00:00,220672.16056835878,ethereum
2025-05-12 00:00:00,214170.10011952536,ethereum
2025-05-13 00:00:00,211740.19586880849,ethereum
2025-05-14 00:00:00,227649.06017478785,ethereum
2025-05-15 00:00:00,222550.86125964453,ethereum
2025-05-16 00:00:00,217226.91460543944,ethereum
2025-05-17 00:00:00,217756.90685748137,ethereum
2025-05-18 00:00:00,211823.19396124792,ethereum
2025-05-19 00:00:00,210787.9756927576,ethereum
2025-05-20 00:00:00,215738.55684027018,ethereum
2025-05-21 00:00:00,215915.19935485243,ethereum
2025-05-22 00:00:00,219047.5756337483,ethereum
2025-05-23 00:00:00,228450.3696380665,ethereum
2025-05-24 00:00:00,214375.8056090152,ethereum
2025-05-25 00:00:00,215195.01779836757,ethereum
2025-05-26 00:00:00,216970.8522801864,ethereum
2025-05-27 00:00:00,218190.67523487698,ethereum
2025-05-28 00:00:00,227238.5848495167,ethereum
2025-05-29 00:00:00,228525.93909568293,ethereum
2025-05-30 00:00:00,224768.84403505738,ethereum
2025-05-31 00:00:00,216016.02336935312,ethereum
2025-06-01 00:00:00,216690.8648491384,ethereum
2025-06-02 00:00:00,217089.5740742275,ethereum
2025-06-03 00:00:00,222777.49872829148,ethereum
2025-06-04 00:00:00,222455.17860950096,ethereum
2025-06-05 00:00:00,224236.44416331983,ethereum
2025-06-06 00:00:00,207961.65418872624,ethereum
2025-06-07 00:00:00,212876.9182145838,ethereum
2025-06-08 00:00:00,216727.81140618862,ethereum
2025-06-09 00:00:00,215217.42336418747,ethereum
2025-06-10 00:00:00,230255.54711844953,ethereum
2025-06-11 00:00:00,240556.86572695823,ethereum
2025-06-12 00:00:00,237276.58179525606,ethereum
2025-06-13 00:00:00,227345.61024210224,ethereum
2025-06-14 00:00:00,221936.8494721614,ethereum
2025-06-15 00:00:00,218235.52611319744,ethereum
2025-06-16 00:00:00,219421.86983518038,ethereum
2025-06-17 00:00:00,220541.89744913176,ethereum
2025-06-18 00:00:00,217182.0562912451,ethereum
2025-06-19 00:00:00,218382.42014738446,ethereum
2025-06-20 00:00:00,218767.0130883784,ethereum
2025-06-21 00:00:00,208337.07852694736,ethereum
2025-06-22 00:00:00,196636.0383307714,ethereum
2025-06-23 00:00:00,192852.03096719063,ethereum
2025-06-24 00:00:00,209315.24780590468,ethereum
2025-06-25 00:00:00,210338.28060317386,ethereum
2025-06-26 00:00:00,207894.42363255343,ethereum
2025-06-27 00:00:00,206903.99097231845,ethereum
2025-06-28 00:00:00,207191.0496905718,ethereum
2025-06-29 00:00:00,208396.95938860573,ethereum
2025-06-30 00:00:00,213866.80820581852,ethereum
2025-07-01 00:00:00,213247.902753943,ethereum
2025-07-02 00:00:00,206191.53795072352,ethereum
2025-07-03 00:00:00,220583.0677146267,ethereum
2025-07-04 00:00:00,221209.20718607036,ethereum
2025-07-05 00:00:00,214841.71925105614,ethereum
2025-07-06 00:00:00,215995.5389160479,ethereum
2025-07-07 00:00:00,219842.28509645213,ethereum
2025-07-08 00:00:00,218478.50703220506,ethereum
2025-07-09 00:00:00,224192.01293457407,ethereum
2025-07-10 00:00:00,237634.3285912139,ethereum
2025-07-11 00:00:00,252785.18261104374,ethereum
2025-07-12 00:00:00,253963.71411998925,ethereum
2025-07-13 00:00:00,252599.85968309751,ethereum
2025-07-14 00:00:00,255256.0749124428,ethereum
2025-07-15 00:00:00,258953.02296009834,ethereum
2025-07-16 00:00:00,269423.17285168904,ethereum
2025-07-17 00:00:00,289273.06195820443,ethereum
2025-07-18 00:00:00,299604.7001320289,ethereum
2025-07-19 00:00:00,305580.9799247014,ethereum
2025-07-20 00:00:00,309629.88231970003,ethereum
2025-07-21 00:00:00,323799.5635112756,ethereum
2025-07-22 00:00:00,324888.02667051577,ethereum
2025-07-23 00:00:00,323522.2855073287,ethereum
2025-07-24 00:00:00,313632.80993368995,ethereum
2025-07-25 00:00:00,320521.28663827025,ethereum
2025-07-26 00:00:00,322067.53188592376,ethereum
2025-07-27 00:00:00,323729.6744159729,ethereum
2025-07-28 00:00:00,334271.3356334813,ethereum
2025-07-29 00:00:00,328567.3072022601,ethereum
2025-07-30 00:00:00,329848.44489638496,ethereum
2025-07-31 00:00:00,333798.49786685634,ethereum
2025-08-01 00:00:00,323419.73918441863,ethereum
2025-08-02 00:00:00,303617.9116663577,ethereum
2025-08-03 00:00:00,296151.6805356246,ethereum
2025-08-04 00:00:00,305147.6597239278,ethereum
2025-08-05 00:00:00,326586.85608261486,ethereum
2025-08-06 00:00:00,316895.55183794844,ethereum
2025-08-07 00:00:00,323322.0010279766,ethereum
2025-08-08 00:00:00,341975.0422938313,ethereum
2025-08-09 00:00:00,352049.4403810017,ethereum
2025-08-10 00:00:00,374193.3376648639,ethereum
2025-08-11 00:00:00,372140.5970629246,ethereum
2025-08-12 00:00:00,370718.8174494866,ethereum
2025-08-13 00:00:00,403547.06190802733,ethereum
2025-08-14 00:00:00,416582.6051270567,ethereum
2025-08-15 00:00:00,399375.2127189976,ethereum
2025-08-16 00:00:00,387732.95356370165,ethereum
2025-08-17 00:00:00,387408.6664674909,ethereum
2025-08-18 00:00:00,392681.4189909559,ethereum
2025-08-19 00:00:00,376878.0982824829,ethereum
2025-08-20 00:00:00,354772.70430919825,ethereum
2025-08-21 00:00:00,376832.66666282027,ethereum
2025-08-22 00:00:00,368766.6639472321,ethereum
2025-08-23 00:00:00,421737.4738716338,ethereum
2025-08-24 00:00:00,416904.49092835333,ethereum
2025-08-25 00:00:00,417273.9071184703,ethereum
2025-08-26 00:00:00,383869.2304155191,ethereum
2025-08-27 00:00:00,403346.84673449927,ethereum
2025-08-28 00:00:00,394479.82107990474,ethereum
2025-08-29 00:00:00,394824.62858350464,ethereum
2025-08-30 00:00:00,384794.36172029114,ethereum
2025-08-31 00:00:00,385618.86285304534,ethereum
2025-09-01 00:00:00,386992.0744205619,ethereum
2025-09-02 00:00:00,378688.487081064,ethereum
2025-09-03 00:00:00,380669.0608269572,ethereum
2025-09-04 00:00:00,391914.25736500154,ethereum
2025-09-05 00:00:00,379062.50711160863,ethereum
2025-09-06 00:00:00,379789.69451721257,ethereum
2025-09-07 00:00:00,376830.61714539555,ethereum
2025-09-08 00:00:00,379557.7315665512,ethereum
2025-09-09 00:00:00,379169.3803941581,ethereum
2025-09-10 00:00:00,380163.9598970403,ethereum
2025-09-11 00:00:00,382811.6356012148,ethereum
2025-09-12 00:00:00,393614.0739117057,ethereum
2025-09-13 00:00:00,415686.0060768963,ethereum
2025-09-14 00:00:00,412052.856085073,ethereum
2025-09-15 00:00:00,406940.596240047,ethereum
2025-09-16 00:00:00,398693.42995223537,ethereum
2025-09-17 00:00:00,395856.797622927,ethereum
2025-09-18 00:00:00,403666.7568900215,ethereum
2025-09-19 00:00:00,404926.98327490315,ethereum
2025-09-20 00:00:00,393846.3358485685,ethereum
2025-09-21 00:00:00,394843.6203459821,ethereum
2025-09-22 00:00:00,392295.47524281475,ethereum
2025-09-23 00:00:00,370875.27142150694,ethereum
2025-09-24 00:00:00,369992.0919011612,ethereum
2025-09-25 00:00:00,368312.96560615575,ethereum
2025-09-26 00:00:00,342937.4440185811,ethereum
2025-09-27 00:00:00,357978.55612770614,ethereum
2025-09-28 00:00:00,356321.1005771281,ethereum
2025-09-29 00:00:00,367286.12298418215,ethereum
2025-09-30 00:00:00,373944.85329388455,ethereum
2025-10-01 00:00:00,368177.3713848715,ethereum
2025-10-02 00:00:00,385235.77973544877,ethereum
2025-10-03 00:00:00,397823.05193989933,ethereum
2025-10-04 00:00:00,400707.46142882656,ethereum
2025-10-05 00:00:00,398218.8935895547,ethereum
2025-10-06 00:00:00,400668.6421398132,ethereum
2025-10-07 00:00:00,416041.06085392536,ethereum
2025-10-08 00:00:00,395289.8026309068,ethereum
2025-10-09 00:00:00,401911.0484708849,ethereum
2025-10-10 00:00:00,388222.87205311254,ethereum
2025-10-11 00:00:00,340432.9353676543,ethereum
2025-10-12 00:00:00,332747.98798714374,ethereum
2025-10-13 00:00:00,369207.3362657844,ethereum
2025-10-14 00:00:00,376492.3574048653,ethereum
2025-10-15 00:00:00,366574.05838423775,ethereum
2025-10-16 00:00:00,349761.3884710538,ethereum
2025-10-17 00:00:00,342302.33220614656,ethereum
2025-10-18 00:00:00,337247.7588866496,ethereum
2025-10-19 00:00:00,342375.6803081046,ethereum
2025-10-20 00:00:00,350696.6804336402,ethereum
2025-10-21 00:00:00,349657.073530753,ethereum
2025-10-22 00:00:00,341303.9842640361,ethereum
2025-10-23 00:00:00,333571.21535914514,ethereum
2025-10-24 00:00:00,338462.9290819708,ethereum
2025-10-25 00:00:00,345416.6546043208,ethereum
2025-10-26 00:00:00,347083.5922685809,ethereum
2025-10-27 00:00:00,365539.5621120337,ethereum
2025-10-28 00:00:00,363758.94232227415,ethereum
2025-10-29 00:00:00,351342.5325721324,ethereum
2025-10-30 00:00:00,344315.5289450759,ethereum
2025-10-31 00:00:00,337015.4990615576,ethereum
2025-11-01 00:00:00,341801.10296794504,ethereum
2025-11-02 00:00:00,343730.3913686987,ethereum
2025-11-03 00:00:00,347169.85800323385,ethereum
2025-11-04 00:00:00,319468.25832003524,ethereum
2025-11-05 00:00:00,292527.2014230804,ethereum
2025-11-06 00:00:00,303546.1807953054,ethereum
2025-11-07 00:00:00,293412.52766766545,ethereum
2025-11-08 00:00:00,304507.99491275364,ethereum
2025-11-09 00:00:00,301591.6290594234,ethereum
2025-11-10 00:00:00,317071.7291616941,ethereum
2025-11-11 00:00:00,316207.1597353334,ethereum
2025-11-12 00:00:00,302271.19106009,ethereum
2025-11-13 00:00:00,302072.2252489844,ethereum
2025-11-14 00:00:00,287385.51825001417,ethereum
2025-11-15 00:00:00,275511.26516527805,ethereum
2025-11-16 00:00:00,281155.6844835739,ethereum
2025-11-17 00:00:00,275080.20597856207,ethereum
2025-11-18 00:00:00,267796.5731112152,ethereum
2025-11-19 00:00:00,276052.04898099863,ethereum
2025-11-20 00:00:00,267032.830083096,ethereum
2025-11-21 00:00:00,251183.08126814634,ethereum
2025-11-22 00:00:00,247777.39778764817,ethereum
2025-11-23 00:00:00,248183.09115512334,ethereum
2025-11-24 00:00:00,250950.12836319354,ethereum
2025-11-25 00:00:00,263283.40358322934,ethereum
2025-11-26 00:00:00,263444.9399900479,ethereum
2025-11-27 00:00:00,269938.1970950932,ethereum
2025-11-28 00:00:00,269490.2527975858,ethereum
2025-11-29 00:00:00,271004.1486761167,ethereum
2025-11-30 00:00:00,267260.2384447111,ethereum
2025-12-01 00:00:00,267424.4592587914,ethereum
2025-12-02 00:00:00,250829.94408877468,ethereum
2025-12-03 00:00:00,269370.30418167287,ethereum
2025-12-04 00:00:00,288132.42535713845,ethereum
2025-12-05 00:00:00,281520.95159888716,ethereum
2025-12-06 00:00:00,271893.52182715805,ethereum
2025-12-07 00:00:00,273416.13820120675,ethereum
2025-12-08 00:00:00,274616.2375638853,ethereum
2025-12-09 00:00:00,281685.69218486216,ethereum
2025-12-10 00:00:00,298746.9630305986,ethereum
2025-12-11 00:00:00,298675.7147486205,ethereum
2025-12-12 00:00:00,292065.55714175856,ethereum
2025-12-13 00:00:00,279306.9974351619,ethereum
2025-12-14 00:00:00,282191.1596649078,ethereum
2025-12-15 00:00:00,277686.2575249929,ethereum
2025-12-16 00:00:00,269107.8224748998,ethereum
2025-12-17 00:00:00,269596.8374095658,ethereum
2025-12-18 00:00:00,255672.94816147196,ethereum
2025-12-19 00:00:00,255132.82641488407,ethereum
2025-12-20 00:00:00,266653.5750632806,ethereum
2025-12-21 00:00:00,266686.3060581252,ethereum
2025-12-22 00:00:00,268857.45721078233,ethereum
2025-12-23 00:00:00,269330.66898642445,ethereum
2025-12-24 00:00:00,265308.33057719615,ethereum
2025-12-25 00:00:00,264638.4624631536,ethereum
2025-12-26 00:00:00,261698.83888170918,ethereum
2025-12-27 00:00:00,262776.73658441985,ethereum
2025-12-28 00:00:00,264850.5744899021,ethereum
2025-12-29 00:00:00,264760.5504658988,ethereum
2025-12-30 00:00:00,263786.42273046816,ethereum
2025-12-31 00:00:00,266620.8671552428,ethereum
2026-01-01 00:00:00,266951.6312463789,ethereum
2026-01-02 00:00:00,269940.3569195695,ethereum
2026-01-03 00:00:00,281016.1719855551,ethereum
2026-01-04 00:00:00,281388.8695194364,ethereum
2026-01-05 00:00:00,282560.6030133936,ethereum
2026-01-06 00:00:00,291299.3568651643,ethereum
2026-01-07 00:00:00,297045.36579862604,ethereum
2026-01-08 00:00:00,284403.12191626645,ethereum
2026-01-09 00:00:00,279086.945835317,ethereum
2026-01-10 00:00:00,278309.6101406161,ethereum
2026-01-11 00:00:00,278294.1933407241,ethereum
2026-01-12 00:00:00,281519.50124331604,ethereum
2026-01-13 00:00:00,278535.9889192714,ethereum
2026-01-14 00:00:00,299728.9177688779,ethereum
2026-01-15 00:00:00,302917.5844429012,ethereum
2026-01-16 00:00:00,299838.3615803796,ethereum
2026-01-17 00:00:00,299041.3190188698,ethereum
2026-01-18 00:00:00,300496.6677650833,ethereum
2026-01-19 00:00:00,297943.7602436932,ethereum
2026-01-20 00:00:00,289592.03165583033,ethereum
2026-01-21 00:00:00,267489.81096221146,ethereum
2026-01-22 00:00:00,272419.05713641306,ethereum
2026-01-22 06:33:00,275589.2939775204,ethereum
2025-01-23 00:00:00,60048.64368858695,binancecoin
2025-01-24 00:00:00,59636.27522771482,binancecoin
2025-01-25 00:00:00,58634.17964329592,binancecoin
2025-01-26 00:00:00,59162.59680727478,binancecoin
2025-01-27 00:00:00,57281.7373797534,binancecoin
2025-01-28 00:00:00,58749.449835617335,binancecoin
2025-01-29 00:00:00,57296.43339081911,binancecoin
2025-01-30 00:00:00,57854.34734841909,binancecoin
2025-01-31 00:00:00,58655.45371354911,binancecoin
2025-02-01 00:00:00,58703.85253272319,binancecoin
2025-02-02 00:00:00,56630.01791574548,binancecoin
2025-02-03 00:00:00,53396.41107801859,binancecoin
2025-02-04 00:00:00,53592.65755894161,binancecoin
2025-02-05 00:00:00,49949.655104943195,binancecoin
2025-02-06 00:00:00,49739.63253930025,binancecoin
2025-02-07 00:00:00,50124.30338463594,binancecoin
2025-02-08 00:00:00,50786.01675864207,binancecoin
2025-02-09 00:00:00,53964.88479130143,binancecoin
2025-02-10 00:00:00,54141.19841020038,binancecoin
2025-02-11 00:00:00,54025.96581854631,binancecoin
2025-02-12 00:00:00,55852.239917163475,binancecoin
2025-02-13 00:00:00,60719.51750835729,binancecoin
2025-02-14 00:00:00,58109.34995217874,binancecoin
2025-02-15 00:00:00,56976.701162437676,binancecoin
2025-02-16 00:00:00,57346.6115698069,binancecoin
2025-02-17 00:00:00,58465.12853984138,binancecoin
2025-02-18 00:00:00,57948.03966745196,binancecoin
2025-02-19 00:00:00,56279.93471651679,binancecoin
2025-02-20 00:00:00,56584.32052077738,binancecoin
2025-02-21 00:00:00,56830.74536451082,binancecoin
2025-02-22 00:00:00,56045.08029395914,binancecoin
2025-02-23 00:00:00,57916.49021345884,binancecoin
2025-02-24 00:00:00,57009.13253417437,binancecoin
2025-02-25 00:00:00,53021.67152150301,binancecoin
2025-02-26 00:00:00,54291.36372490093,binancecoin
2025-02-27 00:00:00,53210.23543392952,binancecoin
2025-02-28 00:00:00,52860.114757223375,binancecoin
2025-03-01 00:00:00,51393.611585435494,binancecoin
2025-03-02 00:00:00,53207.91399513268,binancecoin
2025-03-03 00:00:00,54546.124006223276,binancecoin
2025-03-04 00:00:00,50156.4359468866,binancecoin
2025-03-05 00:00:00,50861.019193072156,binancecoin
2025-03-06 00:00:00,51926.218859565066,binancecoin
2025-03-07 00:00:00,51923.53914148055,binancecoin
2025-03-08 00:00:00,51814.83066515133,binancecoin
2025-03-09 00:00:00,51663.556107790566,binancecoin
2025-03-10 00:00:00,48331.98379710919,binancecoin
2025-03-11 00:00:00,46521.89311514863,binancecoin
2025-03-12 00:00:00,48189.13073681617,binancecoin
2025-03-13 00:00:00,49744.337375177536,binancecoin
2025-03-14 00:00:00,50303.4982997348,binancecoin
2025-03-15 00:00:00,51036.12408305087,binancecoin
2025-03-16 00:00:00,53796.963457567625,binancecoin
2025-03-17 00:00:00,52343.204043738915,binancecoin
2025-03-18 00:00:00,54796.90779991567,binancecoin
2025-03-19 00:00:00,54418.72010972437,binancecoin
2025-03-20 00:00:00,53491.674229055316,binancecoin
2025-03-21 00:00:00,54407.04548841238,binancecoin
2025-03-22 00:00:00,54570.76189557078,binancecoin
2025-03-23 00:00:00,53844.24764770366,binancecoin
2025-03-24 00:00:00,53560.26950600079,binancecoin
2025-03-25 00:00:00,54395.031512716574,binancecoin
2025-03-26 00:00:00,53948.74714208394,binancecoin
2025-03-27 00:00:00,52923.443357496115,binancecoin
2025-03-28 00:00:00,54640.352238123494,binancecoin
2025-03-29 00:00:00,52995.279136180914,binancecoin
2025-03-30 00:00:00,51669.24197410551,binancecoin
2025-03-31 00:00:00,51449.16767210147,binancecoin
2025-04-01 00:00:00,51727.616700564016,binancecoin
2025-04-02 00:00:00,52295.74419298281,binancecoin
2025-04-03 00:00:00,50549.57952339403,binancecoin
2025-04-04 00:00:00,50526.32247756396,binancecoin
2025-04-05 00:00:00,51166.07126336445,binancecoin
2025-04-06 00:00:00,50812.11868581952,binancecoin
2025-04-07 00:00:00,47420.80115098435,binancecoin
2025-04-08 00:00:00,47668.21468788355,binancecoin
2025-04-09 00:00:00,47832.72332367573,binancecoin
2025-04-10 00:00:00,50195.82966959061,binancecoin
2025-04-11 00:00:00,49797.54069274085,binancecoin
2025-04-12 00:00:00,50456.305034724915,binancecoin
2025-04-13 00:00:00,51321.64389321619,binancecoin
2025-04-14 00:00:00,50177.72272259396,binancecoin
2025-04-15 00:00:00,50285.98393102408,binancecoin
2025-04-16 00:00:00,49696.62088881839,binancecoin
2025-04-17 00:00:00,49915.82426789652,binancecoin
2025-04-18 00:00:00,50388.67610553825,binancecoin
2025-04-19 00:00:00,50526.218981114434,binancecoin
2025-04-20 00:00:00,50557.2445779344,binancecoin
2025-04-21 00:00:00,50624.045346839186,binancecoin
2025-04-22 00:00:00,50818.10292772405,binancecoin
2025-04-23 00:00:00,52643.92078041057,binancecoin
2025-04-24 00:00:00,51827.99203791277,binancecoin
2025-04-25 00:00:00,51321.341796239125,binancecoin
2025-04-26 00:00:00,51247.19165032897,binancecoin
2025-04-27 00:00:00,51897.580041335794,binancecoin
2025-04-28 00:00:00,51533.10974293867,binancecoin
2025-04-29 00:00:00,51618.20689162421,binancecoin
2025-04-30 00:00:00,51151.41257924728,binancecoin
2025-05-01 00:00:00,50705.45168987128,binancecoin
2025-05-02 00:00:00,50782.511189032084,binancecoin
2025-05-03 00:00:00,50890.39037670066,binancecoin
2025-05-04 00:00:00,50714.56344092853,binancecoin
2025-05-05 00:00:00,49523.2244628799,binancecoin
2025-05-06 00:00:00,50361.34007212729,binancecoin
2025-05-07 00:00:00,51100.27761300099,binancecoin
2025-05-08 00:00:00,51157.16737385429,binancecoin
2025-05-09 00:00:00,54054.0194515931,binancecoin
2025-05-10 00:00:00,56939.438218350304,binancecoin
2025-05-11 00:00:00,56570.23042946766,binancecoin
2025-05-12 00:00:00,55592.35943674941,binancecoin
2025-05-13 00:00:00,56150.261075171584,binancecoin
2025-05-14 00:00:00,56663.95778611812,binancecoin
2025-05-15 00:00:00,55699.213428501316,binancecoin
2025-05-16 00:00:00,55636.43386383389,binancecoin
2025-05-17 00:00:00,55401.56262096731,binancecoin
2025-05-18 00:00:00,54738.872283862554,binancecoin
2025-05-19 00:00:00,55522.39524036576,binancecoin
2025-05-20 00:00:00,55581.632647152874,binancecoin
2025-05-21 00:00:00,55679.47885923911,binancecoin
2025-05-22 00:00:00,57755.88258974176,binancecoin
2025-05-23 00:00:00,58981.55273054637,binancecoin
2025-05-24 00:00:00,55756.13018418358,binancecoin
2025-05-25 00:00:00,56827.80632568444,binancecoin
2025-05-26 00:00:00,57084.72339066022,binancecoin
2025-05-27 00:00:00,57378.38068218924,binancecoin
2025-05-28 00:00:00,58680.14023893227,binancecoin
2025-05-29 00:00:00,58716.67862709515,binancecoin
2025-05-30 00:00:00,57654.13678537248,binancecoin
2025-05-31 00:00:00,56150.41665094304,binancecoin
2025-06-01 00:00:00,56353.17637597584,binancecoin
2025-06-02 00:00:00,56561.26278074425,binancecoin
2025-06-03 00:00:00,56857.185175512226,binancecoin
2025-06-04 00:00:00,56668.5375686563,binancecoin
2025-06-05 00:00:00,57014.14576589656,binancecoin
2025-06-06 00:00:00,54459.200966884746,binancecoin
2025-06-07 00:00:00,55227.1778005028,binancecoin
2025-06-08 00:00:00,55830.884211087396,binancecoin
2025-06-09 00:00:00,55955.71995169383,binancecoin
2025-06-10 00:00:00,57142.597886972006,binancecoin
2025-06-11 00:00:00,57685.27860539386,binancecoin
2025-06-12 00:00:00,57071.67590485165,binancecoin
2025-06-13 00:00:00,56252.92748787505,binancecoin
2025-06-14 00:00:00,56401.17163412294,binancecoin
2025-06-15 00:00:00,55617.39894912489,binancecoin
2025-06-16 00:00:00,55823.708688541185,binancecoin
2025-06-17 00:00:00,56095.44393982541,binancecoin
2025-06-18 00:00:00,56027.17624145813,binancecoin
2025-06-19 00:00:00,55759.65347556984,binancecoin
2025-06-20 00:00:00,55890.27775801974,binancecoin
2025-06-21 00:00:00,55551.989759649325,binancecoin
2025-06-22 00:00:00,54261.85900468624,binancecoin
2025-06-23 00:00:00,53326.70701901393,binancecoin
2025-06-24 00:00:00,55289.00157011345,binancecoin
2025-06-25 00:00:00,55316.69188177813,binancecoin
2025-06-26 00:00:00,55547.97745406159,binancecoin
2025-06-27 00:00:00,55041.49294174184,binancecoin
2025-06-28 00:00:00,55238.81665312162,binancecoin
2025-06-29 00:00:00,55475.44161894426,binancecoin
2025-06-30 00:00:00,55979.915217887494,binancecoin
2025-07-01 00:00:00,56308.46702544004,binancecoin
2025-07-02 00:00:00,55397.338806918655,binancecoin
2025-07-03 00:00:00,56560.456674697154,binancecoin
2025-07-04 00:00:00,56624.570924511754,binancecoin
2025-07-05 00:00:00,55923.933646029946,binancecoin
2025-07-06 00:00:00,56279.544601657915,binancecoin
2025-07-07 00:00:00,56685.80356905104,binancecoin
2025-07-08 00:00:00,56799.55495779383,binancecoin
2025-07-09 00:00:00,56627.40561843656,binancecoin
2025-07-10 00:00:00,57361.55796845979,binancecoin
2025-07-11 00:00:00,58737.54985765722,binancecoin
2025-07-12 00:00:00,59210.406343503564,binancecoin
2025-07-13 00:00:00,58835.190187511704,binancecoin
2025-07-14 00:00:00,59392.19671031558,binancecoin
2025-07-15 00:00:00,59259.50379729727,binancecoin
2025-07-16 00:00:00,59323.66715730662,binancecoin
2025-07-17 00:00:00,60854.82963552536,binancecoin
2025-07-18 00:00:00,62160.011152136074,binancecoin
2025-07-19 00:00:00,62843.517041193445,binancecoin
2025-07-20 00:00:00,63137.47057567733,binancecoin
2025-07-21 00:00:00,65312.825187452174,binancecoin
2025-07-22 00:00:00,66125.59060754563,binancecoin
2025-07-23 00:00:00,67907.14417207065,binancecoin
2025-07-24 00:00:00,67064.82462550157,binancecoin
2025-07-25 00:00:00,66657.86890362398,binancecoin
2025-07-26 00:00:00,67888.8986664642,binancecoin
2025-07-27 00:00:00,68707.78731027828,binancecoin
2025-07-28 00:00:00,72963.74966519282,binancecoin
2025-07-29 00:00:00,71355.39525298408,binancecoin
2025-07-30 00:00:00,70098.59865611898,binancecoin
2025-07-31 00:00:00,69599.36268655375,binancecoin
2025-08-01 00:00:00,68504.60514451488,binancecoin
2025-08-02 00:00:00,65938.0475411463,binancecoin
2025-08-03 00:00:00,64212.998602305466,binancecoin
2025-08-04 00:00:00,65556.31301404026,binancecoin
2025-08-05 00:00:00,67550.97757898047,binancecoin
2025-08-06 00:00:00,66212.51436255951,binancecoin
2025-08-07 00:00:00,67564.64023067734,binancecoin
2025-08-08 00:00:00,68826.29140529232,binancecoin
2025-08-09 00:00:00,69583.69749642002,binancecoin
2025-08-10 00:00:00,70109.1420610711,binancecoin
2025-08-11 00:00:00,70419.15831295794,binancecoin
2025-08-12 00:00:00,70730.6570631616,binancecoin
2025-08-13 00:00:00,73094.06583342518,binancecoin
2025-08-14 00:00:00,74293.61054914528,binancecoin
2025-08-15 00:00:00,73859.89489581532,binancecoin
2025-08-16 00:00:00,72399.48008771421,binancecoin
2025-08-17 00:00:00,73429.0787896129,binancecoin
2025-08-18 00:00:00,74993.65485969187,binancecoin
2025-08-19 00:00:00,74046.52419184046,binancecoin
2025-08-20 00:00:00,71699.65669632536,binancecoin
2025-08-21 00:00:00,75709.43259293867,binancecoin
2025-08-22 00:00:00,73184.12945656005,binancecoin
2025-08-23 00:00:00,78513.80357083486,binancecoin
2025-08-24 00:00:00,76869.35638046687,binancecoin
2025-08-25 00:00:00,76507.74958654656,binancecoin
2025-08-26 00:00:00,73616.561134418,binancecoin
2025-08-27 00:00:00,75730.68361912621,binancecoin
2025-08-28 00:00:00,75043.22005909428,binancecoin
2025-08-29 00:00:00,76620.6814031891,binancecoin
2025-08-30 00:00:00,76146.48372673763,binancecoin
2025-08-31 00:00:00,75999.67092182192,binancecoin
2025-09-01 00:00:00,75637.86081639533,binancecoin
2025-09-02 00:00:00,74442.04077841021,binancecoin
2025-09-03 00:00:00,74947.81030407325,binancecoin
2025-09-04 00:00:00,75312.40714271914,binancecoin
2025-09-05 00:00:00,74406.23177696494,binancecoin
2025-09-06 00:00:00,74934.59184448732,binancecoin
2025-09-07 00:00:00,75987.12677882316,binancecoin
2025-09-08 00:00:00,77726.25354936028,binancecoin
2025-09-09 00:00:00,77267.67932945851,binancecoin
2025-09-10 00:00:00,77617.66183567977,binancecoin
2025-09-11 00:00:00,78682.96366832782,binancecoin
2025-09-12 00:00:00,79694.91142103841,binancecoin
2025-09-13 00:00:00,81671.58672670399,binancecoin
2025-09-14 00:00:00,82442.10746876909,binancecoin
2025-09-15 00:00:00,81819.27202973579,binancecoin
2025-09-16 00:00:00,81005.55719116506,binancecoin
2025-09-17 00:00:00,83960.68158477188,binancecoin
2025-09-18 00:00:00,87154.68006542354,binancecoin
2025-09-19 00:00:00,86626.17538246042,binancecoin
2025-09-20 00:00:00,86574.1717462663,binancecoin
2025-09-21 00:00:00,91835.29791370138,binancecoin
2025-09-22 00:00:00,92377.99323417075,binancecoin
2025-09-23 00:00:00,87632.49182629505,binancecoin
2025-09-24 00:00:00,90359.24176478451,binancecoin
2025-09-25 00:00:00,90382.8837868033,binancecoin
2025-09-26 00:00:00,83837.67671183657,binancecoin
2025-09-27 00:00:00,85185.70921781841,binancecoin
2025-09-28 00:00:00,85900.19381641738,binancecoin
2025-09-29 00:00:00,88074.74703826687,binancecoin
2025-09-30 00:00:00,91368.63289487794,binancecoin
2025-10-01 00:00:00,89633.6361456727,binancecoin
2025-10-02 00:00:00,90972.94376594422,binancecoin
2025-10-03 00:00:00,96732.93260417196,binancecoin
2025-10-04 00:00:00,105599.86653506332,binancecoin
2025-10-05 00:00:00,102004.68510084327,binancecoin
2025-10-06 00:00:00,103419.08536767065,binancecoin
2025-10-07 00:00:00,108649.7847224238,binancecoin
2025-10-08 00:00:00,116405.14243154848,binancecoin
2025-10-09 00:00:00,115975.74713317385,binancecoin
2025-10-10 00:00:00,111604.47385296482,binancecoin
2025-10-11 00:00:00,98590.70094011468,binancecoin
2025-10-12 00:00:00,101010.04512013537,binancecoin
2025-10-13 00:00:00,115277.47513687446,binancecoin
2025-10-14 00:00:00,114650.70196772134,binancecoin
2025-10-15 00:00:00,107629.84613066347,binancecoin
2025-10-16 00:00:00,102012.10746954879,binancecoin
2025-10-17 00:00:00,100638.00978431241,binancecoin
2025-10-18 00:00:00,94323.76582935236,binancecoin
2025-10-19 00:00:00,96164.22640426239,binancecoin
2025-10-20 00:00:00,97660.4498887775,binancecoin
2025-10-21 00:00:00,96720.49511791285,binancecoin
2025-10-22 00:00:00,93114.03794129679,binancecoin
2025-10-23 00:00:00,93999.55916095893,binancecoin
2025-10-24 00:00:00,98958.6459919135,binancecoin
2025-10-25 00:00:00,97408.10199758109,binancecoin
2025-10-26 00:00:00,98063.51413901497,binancecoin
2025-10-27 00:00:00,99859.47585629414,binancecoin
2025-10-28 00:00:00,100616.23236886057,binancecoin
2025-10-29 00:00:00,97365.52304605034,binancecoin
2025-10-30 00:00:00,97780.05155421568,binancecoin
2025-10-31 00:00:00,95611.97577643482,binancecoin
2025-11-01 00:00:00,96725.07392932409,binancecoin
2025-11-02 00:00:00,97153.0401285268,binancecoin
2025-11-03 00:00:00,96219.51578933863,binancecoin
2025-11-04 00:00:00,88031.10888776404,binancecoin
2025-11-05 00:00:00,83309.89500336022,binancecoin
2025-11-06 00:00:00,85012.1280468762,binancecoin
2025-11-07 00:00:00,84122.48364113465,binancecoin
2025-11-08 00:00:00,87831.01908634373,binancecoin
2025-11-09 00:00:00,87768.62184377918,binancecoin
2025-11-10 00:00:00,88333.01230524376,binancecoin
2025-11-11 00:00:00,87941.39562879216,binancecoin
2025-11-12 00:00:00,84675.78841293452,binancecoin
2025-11-13 00:00:00,84422.96509547133,binancecoin
2025-11-14 00:00:00,82343.59095148907,binancecoin
2025-11-15 00:00:00,81387.11141512904,binancecoin
2025-11-16 00:00:00,82656.3223060313,binancecoin
2025-11-17 00:00:00,82346.85924379769,binancecoin
2025-11-18 00:00:00,80368.14509259464,binancecoin
2025-11-19 00:00:00,82540.46499712384,binancecoin
2025-11-20 00:00:00,79177.64318778821,binancecoin
2025-11-21 00:00:00,76871.63534667267,binancecoin
2025-11-22 00:00:00,74489.54306498196,binancecoin
2025-11-23 00:00:00,74714.25164521765,binancecoin
2025-11-24 00:00:00,75561.84230861219,binancecoin
2025-11-25 00:00:00,77055.47585048217,binancecoin
2025-11-26 00:00:00,76840.65646095468,binancecoin
2025-11-27 00:00:00,79508.50009525949,binancecoin
2025-11-28 00:00:00,80017.26584927185,binancecoin
2025-11-29 00:00:00,79301.20689517986,binancecoin
2025-11-30 00:00:00,78068.81747360923,binancecoin
2025-12-01 00:00:00,78435.66157550194,binancecoin
2025-12-02 00:00:00,74153.64375649435,binancecoin
2025-12-03 00:00:00,78834.85346066205,binancecoin
2025-12-04 00:00:00,83168.56587910386,binancecoin
2025-12-05 00:00:00,80873.64569958077,binancecoin
2025-12-06 00:00:00,79487.81033125143,binancecoin
2025-12-07 00:00:00,80085.0406635842,binancecoin
2025-12-08 00:00:00,80313.58812825273,binancecoin
2025-12-09 00:00:00,80882.8300454405,binancecoin
2025-12-10 00:00:00,80871.80735965943,binancecoin
2025-12-11 00:00:00,80311.27241456177,binancecoin
2025-12-12 00:00:00,79930.38662183688,binancecoin
2025-12-13 00:00:00,79860.13996809832,binancecoin
2025-12-14 00:00:00,81282.47858772936,binancecoin
2025-12-15 00:00:00,79568.46108643389,binancecoin
2025-12-16 00:00:00,77924.16423377926,binancecoin
2025-12-17 00:00:00,79550.5810935156,binancecoin
2025-12-18 00:00:00,76199.87232187075,binancecoin
2025-12-19 00:00:00,74842.3426703115,binancecoin
2025-12-20 00:00:00,76674.37027835942,binancecoin
2025-12-21 00:00:00,76459.95874403667,binancecoin
2025-12-22 00:00:00,76839.84880315725,binancecoin
2025-12-23 00:00:00,76881.9302574831,binancecoin
2025-12-24 00:00:00,75508.67817680273,binancecoin
2025-12-25 00:00:00,76051.33578532643,binancecoin
2025-12-26 00:00:00,74688.48231351264,binancecoin
2025-12-27 00:00:00,74912.2515975624,binancecoin
2025-12-28 00:00:00,75864.33582280668,binancecoin
2025-12-29 00:00:00,77131.93573219082,binancecoin
2025-12-30 00:00:00,76522.1126572846,binancecoin
2025-12-31 00:00:00,77232.28701384601,binancecoin
2026-01-01 00:00:00,77667.28432073943,binancecoin
2026-01-02 00:00:00,77634.82331821375,binancecoin
2026-01-03 00:00:00,79266.562531623,binancecoin
2026-01-04 00:00:00,79098.66128914714,binancecoin
2026-01-05 00:00:00,80513.53121879461,binancecoin
2026-01-06 00:00:00,82194.09828409996,binancecoin
2026-01-07 00:00:00,82722.50988826768,binancecoin
2026-01-08 00:00:00,80816.30591024498,binancecoin
2026-01-09 00:00:00,80159.81073864843,binancecoin
2026-01-10 00:00:00,80836.40627837714,binancecoin
2026-01-11 00:00:00,81845.29493608022,binancecoin
2026-01-12 00:00:00,81473.83311756614,binancecoin
2026-01-13 00:00:00,81617.85158025405,binancecoin
2026-01-14 00:00:00,85082.43831397744,binancecoin
2026-01-15 00:00:00,85654.4012614505,binancecoin
2026-01-16 00:00:00,84116.68466114531,binancecoin
2026-01-17 00:00:00,85073.45129797312,binancecoin
2026-01-18 00:00:00,86053.88466317089,binancecoin
2026-01-19 00:00:00,84712.29646238947,binancecoin
2026-01-20 00:00:00,83842.14207690423,binancecoin
2026-01-21 00:00:00,80591.17640227695,binancecoin
2026-01-22 00:00:00,80768.30704544293,binancecoin
2026-01-22 06:33:12,81417.15357612197,binancecoin
2025-01-23 00:00:00,273.7048711897616,ripple
2025-01-24 00:00:00,269.9679224960293,ripple
2025-01-25 00:00:00,267.43935415220477,ripple
2025-01-26 00:00:00,268.1387605088211,ripple
2025-01-27 00:00:00,260.1136230970049,ripple
2025-01-28 00:00:00,263.7028191055918,ripple
2025-01-29 00:00:00,265.0887206293337,ripple
2025-01-30 00:00:00,265.9172330645377,ripple
2025-01-31 00:00:00,271.3737169935855,ripple
2025-02-01 00:00:00,263.36998524696213,ripple
2025-02-02 00:00:00,249.37199786928988,ripple
2025-02-03 00:00:00,222.5533857877005,ripple
2025-02-04 00:00:00,234.11072059116051,ripple
2025-02-05 00:00:00,221.15238269387407,ripple
2025-02-06 00:00:00,208.09975858429678,ripple
2025-02-07 00:00:00,203.4095555269166,ripple
2025-02-08 00:00:00,210.0301553094728,ripple
2025-02-09 00:00:00,212.945042905129,ripple
2025-02-10 00:00:00,210.36259443379888,ripple
2025-02-11 00:00:00,211.73012267727074,ripple
2025-02-12 00:00:00,209.73643777131713,ripple
2025-02-13 00:00:00,215.00666560373043,ripple
2025-02-14 00:00:00,220.9299998304863,ripple
2025-02-15 00:00:00,237.44431183797226,ripple
2025-02-16 00:00:00,239.27188957221614,ripple
2025-02-17 00:00:00,236.13595532408573,ripple
2025-02-18 00:00:00,230.78902381452934,ripple
2025-02-19 00:00:00,222.42008998956874,ripple
2025-02-20 00:00:00,237.6424488875145,ripple
2025-02-21 00:00:00,232.79536356465803,ripple
2025-02-22 00:00:00,222.84306818627783,ripple
2025-02-23 00:00:00,223.06856472914944,ripple
2025-02-24 00:00:00,223.4180520147324,ripple
2025-02-25 00:00:00,197.31273036425998,ripple
2025-02-26 00:00:00,202.24105819839477,ripple
2025-02-27 00:00:00,190.88325397194043,ripple
2025-02-28 00:00:00,191.97057894883798,ripple
2025-03-01 00:00:00,187.76624049069014,ripple
2025-03-02 00:00:00,191.5165039404022,ripple
2025-03-03 00:00:00,257.15011844707595,ripple
2025-03-04 00:00:00,208.62403094890078,ripple
2025-03-05 00:00:00,214.36581236019808,ripple
2025-03-06 00:00:00,217.12595423204402,ripple
2025-03-07 00:00:00,226.5120702171363,ripple
2025-03-08 00:00:00,207.47864147963088,ripple
2025-03-09 00:00:00,202.46511834279465,ripple
2025-03-10 00:00:00,186.1263199046159,ripple
2025-03-11 00:00:00,177.24682522368448,ripple
2025-03-12 00:00:00,189.1681409689652,ripple
2025-03-13 00:00:00,195.38998227588843,ripple
2025-03-14 00:00:00,195.61237184594052,ripple
2025-03-15 00:00:00,204.88632844096287,ripple
2025-03-16 00:00:00,207.9906909518869,ripple
2025-03-17 00:00:00,200.05633213111463,ripple
2025-03-18 00:00:00,203.45665805682563,ripple
2025-03-19 00:00:00,198.1851256843361,ripple
2025-03-20 00:00:00,220.33783699052333,ripple
2025-03-21 00:00:00,210.18783940699979,ripple
2025-03-22 00:00:00,204.76508159447025,ripple
2025-03-23 00:00:00,203.56458875965725,ripple
2025-03-24 00:00:00,209.48190820045969,ripple
2025-03-25 00:00:00,209.32647763845793,ripple
2025-03-26 00:00:00,209.87500939815783,ripple
2025-03-27 00:00:00,201.25655219875745,ripple
2025-03-28 00:00:00,200.514923741397,ripple
2025-03-29 00:00:00,188.52074637277707,ripple
2025-03-30 00:00:00,182.9560352100683,ripple
2025-03-31 00:00:00,182.70655301344544,ripple
2025-04-01 00:00:00,178.59103263890927,ripple
2025-04-02 00:00:00,183.23980364198903,ripple
2025-04-03 00:00:00,173.99429364132175,ripple
2025-04-04 00:00:00,176.0358402631639,ripple
2025-04-05 00:00:00,182.1239051234343,ripple
2025-04-06 00:00:00,183.76540750796525,ripple
2025-04-07 00:00:00,164.49092120142012,ripple
2025-04-08 00:00:00,163.2012583223158,ripple
2025-04-09 00:00:00,154.88621380007612,ripple
2025-04-10 00:00:00,176.76589189988206,ripple
2025-04-11 00:00:00,169.9176564738061,ripple
2025-04-12 00:00:00,174.21533759882473,ripple
2025-04-13 00:00:00,185.41731162515947,ripple
2025-04-14 00:00:00,182.106533450962,ripple
2025-04-15 00:00:00,183.02522433322284,ripple
2025-04-16 00:00:00,178.9253660180707,ripple
2025-04-17 00:00:00,178.3922191051455,ripple
2025-04-18 00:00:00,176.55131072415287,ripple
2025-04-19 00:00:00,176.1199591661247,ripple
2025-04-20 00:00:00,178.0697523855708,ripple
2025-04-21 00:00:00,177.1469493315613,ripple
2025-04-22 00:00:00,177.1880612225078,ripple
2025-04-23 00:00:00,189.31509744188577,ripple
2025-04-24 00:00:00,189.6242503913287,ripple
2025-04-25 00:00:00,188.054204918591,ripple
2025-04-26 00:00:00,186.59021670078175,ripple
2025-04-27 00:00:00,187.27004946786064,ripple
2025-04-28 00:00:00,192.6867188325559,ripple
2025-04-29 00:00:00,195.52576587234793,ripple
2025-04-30 00:00:00,190.77296356793985,ripple
2025-05-01 00:00:00,185.48270030783488,ripple
2025-05-02 00:00:00,187.54495676143074,ripple
2025-05-03 00:00:00,186.94175401364296,ripple
2025-05-04 00:00:00,185.2313978421417,ripple
2025-05-05 00:00:00,182.41345793183217,ripple
2025-05-06 00:00:00,179.9940143883637,ripple
2025-05-07 00:00:00,182.64613351291396,ripple
2025-05-08 00:00:00,180.56880409822116,ripple
2025-05-09 00:00:00,199.5027351294052,ripple
2025-05-10 00:00:00,200.0816455381778,ripple
2025-05-11 00:00:00,210.57953346778572,ripple
2025-05-12 00:00:00,202.1310931371017,ripple
2025-05-13 00:00:00,215.84262214177485,ripple
2025-05-14 00:00:00,220.13285995137107,ripple
2025-05-15 00:00:00,218.18671469067596,ripple
2025-05-16 00:00:00,203.19029923183294,ripple
2025-05-17 00:00:00,204.32924861165213,ripple
2025-05-18 00:00:00,201.34449851720106,ripple
2025-05-19 00:00:00,206.73166423192887,ripple
2025-05-20 00:00:00,203.2640120639371,ripple
2025-05-21 00:00:00,201.57027272520406,ripple
2025-05-22 00:00:00,205.6895560666414,ripple
2025-05-23 00:00:00,208.78346716937494,ripple
2025-05-24 00:00:00,195.60624469499,ripple
2025-05-25 00:00:00,198.3896463253778,ripple
2025-05-26 00:00:00,199.41685703576786,ripple
2025-05-27 00:00:00,196.57059142685762,ripple
2025-05-28 00:00:00,197.92342842376826,ripple
2025-05-29 00:00:00,194.22805366927494,ripple
2025-05-30 00:00:00,192.11076212355496,ripple
2025-05-31 00:00:00,183.31538524236643,ripple
2025-06-01 00:00:00,186.2829580346435,ripple
2025-06-02 00:00:00,186.4677613325435,ripple
2025-06-03 00:00:00,187.83712051102435,ripple
2025-06-04 00:00:00,192.72777178388867,ripple
2025-06-05 00:00:00,189.18619609902285,ripple
2025-06-06 00:00:00,180.08705271476381,ripple
2025-06-07 00:00:00,185.63451253557395,ripple
2025-06-08 00:00:00,186.8402071637892,ripple
2025-06-09 00:00:00,194.12954889999307,ripple
2025-06-10 00:00:00,199.04675359152301,ripple
2025-06-11 00:00:00,197.4316837625394,ripple
2025-06-12 00:00:00,194.029223831107,ripple
2025-06-13 00:00:00,188.12341908909428,ripple
2025-06-14 00:00:00,185.06154939770207,ripple
2025-06-15 00:00:00,184.46090418163683,ripple
2025-06-16 00:00:00,186.56454419362973,ripple
2025-06-17 00:00:00,194.21180870843463,ripple
2025-06-18 00:00:00,186.80620665927097,ripple
2025-06-19 00:00:00,187.83801156119813,ripple
2025-06-20 00:00:00,187.89376017187843,ripple
2025-06-21 00:00:00,183.60516616887188,ripple
2025-06-22 00:00:00,177.04657635874102,ripple
2025-06-23 00:00:00,174.33106674923295,ripple
2025-06-24 00:00:00,186.8723275416393,ripple
2025-06-25 00:00:00,188.19981734256055,ripple
2025-06-26 00:00:00,187.82852978017547,ripple
2025-06-27 00:00:00,180.3936600054054,ripple
2025-06-28 00:00:00,183.07024891061982,ripple
2025-06-29 00:00:00,186.90086202355062,ripple
2025-06-30 00:00:00,188.69251514431483,ripple
2025-07-01 00:00:00,191.9586959895618,ripple
2025-07-02 00:00:00,186.16045476688532,ripple
2025-07-03 00:00:00,191.47027820688405,ripple
2025-07-04 00:00:00,192.7238955089408,ripple
2025-07-05 00:00:00,190.13375298334998,ripple
2025-07-06 00:00:00,190.28353310156604,ripple
2025-07-07 00:00:00,194.17324729397026,ripple
2025-07-08 00:00:00,195.41232080927784,ripple
2025-07-09 00:00:00,198.0374186337094,ripple
2025-07-10 00:00:00,206.15246186455394,ripple
2025-07-11 00:00:00,218.25383473836322,ripple
2025-07-12 00:00:00,234.81688838542524,ripple
2025-07-13 00:00:00,235.20577300159354,ripple
2025-07-14 00:00:00,243.47088412635154,ripple
2025-07-15 00:00:00,253.9759419303424,ripple
2025-07-16 00:00:00,250.9048345045611,ripple
2025-07-17 00:00:00,261.16180139831044,ripple
2025-07-18 00:00:00,300.69340625781376,ripple
2025-07-19 00:00:00,294.3587640467522,ripple
2025-07-20 00:00:00,295.5533150036047,ripple
2025-07-21 00:00:00,297.7004097571379,ripple
2025-07-22 00:00:00,306.84136261343787,ripple
2025-07-23 00:00:00,306.62497396527766,ripple
2025-07-24 00:00:00,274.6119101390597,ripple
2025-07-25 00:00:00,271.76459047036764,ripple
2025-07-26 00:00:00,271.48399838688243,ripple
2025-07-27 00:00:00,273.9743244912168,ripple
2025-07-28 00:00:00,279.6536618055504,ripple
2025-07-29 00:00:00,271.0503975390189,ripple
2025-07-30 00:00:00,272.3406311431724,ripple
2025-07-31 00:00:00,271.74547891532785,ripple
2025-08-01 00:00:00,264.50319627439853,ripple
2025-08-02 00:00:00,258.17991989292153,ripple
2025-08-03 00:00:00,241.39122268004957,ripple
2025-08-04 00:00:00,257.25527513106425,ripple
2025-08-05 00:00:00,270.07847408490994,ripple
2025-08-06 00:00:00,260.0995685954229,ripple
2025-08-07 00:00:00,262.5901611027059,ripple
2025-08-08 00:00:00,289.87977079769826,ripple
2025-08-09 00:00:00,288.46290064490125,ripple
2025-08-10 00:00:00,283.3064775041156,ripple
2025-08-11 00:00:00,278.5539623258055,ripple
2025-08-12 00:00:00,275.2171145705101,ripple
2025-08-13 00:00:00,286.2170322746633,ripple
2025-08-14 00:00:00,287.4210871631783,ripple
2025-08-15 00:00:00,270.7238697166401,ripple
2025-08-16 00:00:00,269.31275458143193,ripple
2025-08-17 00:00:00,271.9028442814404,ripple
2025-08-18 00:00:00,270.88665459163747,ripple
2025-08-19 00:00:00,267.1779986573393,ripple
2025-08-20 00:00:00,248.914658807672,ripple
2025-08-21 00:00:00,256.90538275611607,ripple
2025-08-22 00:00:00,248.7714522157588,ripple
2025-08-23 00:00:00,268.3898550408366,ripple
2025-08-24 00:00:00,265.9926994563222,ripple
2025-08-25 00:00:00,264.4247553743026,ripple
2025-08-26 00:00:00,250.79498814286586,ripple
2025-08-27 00:00:00,263.9540166158225,ripple
2025-08-28 00:00:00,260.095976132593,ripple
2025-08-29 00:00:00,259.90056246990184,ripple
2025-08-30 00:00:00,248.91712491389723,ripple
2025-08-31 00:00:00,248.35488639265583,ripple
2025-09-01 00:00:00,244.83539596336863,ripple
2025-09-02 00:00:00,242.18886784781589,ripple
2025-09-03 00:00:00,251.7948427043052,ripple
2025-09-04 00:00:00,250.48130331485712,ripple
2025-09-05 00:00:00,246.7309480484515,ripple
2025-09-06 00:00:00,248.34449338882132,ripple
2025-09-07 00:00:00,247.86152771604708,ripple
2025-09-08 00:00:00,254.07407591677458,ripple
2025-09-09 00:00:00,261.2478587013315,ripple
2025-09-10 00:00:00,259.9900442668908,ripple
2025-09-11 00:00:00,262.6741575107264,ripple
2025-09-12 00:00:00,268.52724260483774,ripple
2025-09-13 00:00:00,274.3286131202822,ripple
2025-09-14 00:00:00,275.6618107257375,ripple
2025-09-15 00:00:00,267.59251750823927,ripple
2025-09-16 00:00:00,263.8500973390048,ripple
2025-09-17 00:00:00,267.00589959520073,ripple
2025-09-18 00:00:00,271.115916485058,ripple
2025-09-19 00:00:00,271.4842677847256,ripple
2025-09-20 00:00:00,263.519939755996,ripple
2025-09-21 00:00:00,262.2481254790706,ripple
2025-09-22 00:00:00,261.9504575963233,ripple
2025-09-23 00:00:00,251.7688486873375,ripple
2025-09-24 00:00:00,251.24348035901966,ripple
2025-09-25 00:00:00,259.9967489983782,ripple
2025-09-26 00:00:00,243.16135839332705,ripple
2025-09-27 00:00:00,247.06452104035782,ripple
2025-09-28 00:00:00,248.98660616894665,ripple
2025-09-29 00:00:00,254.05591201935184,ripple
2025-09-30 00:00:00,255.65308524146639,ripple
2025-10-01 00:00:00,252.7465861041772,ripple
2025-10-02 00:00:00,261.1542139628716,ripple
2025-10-03 00:00:00,269.45753066555636,ripple
2025-10-04 00:00:00,269.87671111178554,ripple
2025-10-05 00:00:00,263.51999970233055,ripple
2025-10-06 00:00:00,263.6078919265292,ripple
2025-10-07 00:00:00,265.4285699079311,ripple
2025-10-08 00:00:00,253.54343691033816,ripple
2025-10-09 00:00:00,255.70675385794172,ripple
2025-10-10 00:00:00,249.27489405844793,ripple
2025-10-11 00:00:00,211.57811621737176,ripple
2025-10-12 00:00:00,211.7521292688015,ripple
2025-10-13 00:00:00,224.66868273302237,ripple
2025-10-14 00:00:00,230.9723071967687,ripple
2025-10-15 00:00:00,222.50566024182586,ripple
2025-10-16 00:00:00,211.69140721536772,ripple
2025-10-17 00:00:00,204.59819951120883,ripple
2025-10-18 00:00:00,202.08337035360228,ripple
2025-10-19 00:00:00,207.7080993303638,ripple
2025-10-20 00:00:00,210.29300854742806,ripple
2025-10-21 00:00:00,218.83210725305855,ripple
2025-10-22 00:00:00,213.329383455558,ripple
2025-10-23 00:00:00,207.34187448002822,ripple
2025-10-24 00:00:00,210.16149061363592,ripple
2025-10-25 00:00:00,219.97387255183028,ripple
2025-10-26 00:00:00,227.7810935169504,ripple
2025-10-27 00:00:00,232.40496052770783,ripple
2025-10-28 00:00:00,232.4900931363737,ripple
2025-10-29 00:00:00,230.0825380905365,ripple
2025-10-30 00:00:00,225.47147833302157,ripple
2025-10-31 00:00:00,216.03271144798384,ripple
2025-11-01 00:00:00,222.82542066122335,ripple
2025-11-02 00:00:00,222.3307539969343,ripple
2025-11-03 00:00:00,224.42285849860656,ripple
2025-11-04 00:00:00,204.73143548091662,ripple
2025-11-05 00:00:00,196.44616195884205,ripple
2025-11-06 00:00:00,207.8283547977163,ripple
2025-11-07 00:00:00,195.8955366777422,ripple
2025-11-08 00:00:00,205.33473241500616,ripple
2025-11-09 00:00:00,202.58986362361924,ripple
2025-11-10 00:00:00,209.7752729261544,ripple
2025-11-11 00:00:00,224.26174560081014,ripple
2025-11-12 00:00:00,211.45052853866463,ripple
2025-11-13 00:00:00,211.1412598228667,ripple
2025-11-14 00:00:00,207.0654238702977,ripple
2025-11-15 00:00:00,199.44071252721707,ripple
2025-11-16 00:00:00,198.26141907701196,ripple
2025-11-17 00:00:00,196.72792605914108,ripple
2025-11-18 00:00:00,191.50640075897468,ripple
2025-11-19 00:00:00,196.0567697740092,ripple
2025-11-20 00:00:00,186.4148415098403,ripple
2025-11-21 00:00:00,177.38851141227167,ripple
2025-11-22 00:00:00,174.76848576909637,ripple
2025-11-23 00:00:00,174.87477452991772,ripple
2025-11-24 00:00:00,183.28825430676216,ripple
2025-11-25 00:00:00,198.27849699315337,ripple
2025-11-26 00:00:00,196.03772943415436,ripple
2025-11-27 00:00:00,198.3206766128336,ripple
2025-11-28 00:00:00,196.70336316546332,ripple
2025-11-29 00:00:00,194.8347258711278,ripple
2025-11-30 00:00:00,196.8163091827972,ripple
2025-12-01 00:00:00,193.47539595732707,ripple
2025-12-02 00:00:00,182.00926743068956,ripple
2025-12-03 00:00:00,193.959923935926,ripple
2025-12-04 00:00:00,198.67516367483367,ripple
2025-12-05 00:00:00,188.4036564815104,ripple
2025-12-06 00:00:00,183.12669242543188,ripple
2025-12-07 00:00:00,182.85664385020806,ripple
2025-12-08 00:00:00,183.46812759695698,ripple
2025-12-09 00:00:00,186.84332007627938,ripple
2025-12-10 00:00:00,189.67413896574476,ripple
2025-12-11 00:00:00,183.56791895748475,ripple
2025-12-12 00:00:00,183.75610274197916,ripple
2025-12-13 00:00:00,181.94341382289522,ripple
2025-12-14 00:00:00,183.30869097098866,ripple
2025-12-15 00:00:00,179.43545765184138,ripple
2025-12-16 00:00:00,172.18457390616547,ripple
2025-12-17 00:00:00,175.49340338680184,ripple
2025-12-18 00:00:00,168.32413655527114,ripple
2025-12-19 00:00:00,163.15816666741844,ripple
2025-12-20 00:00:00,170.7460305383028,ripple
2025-12-21 00:00:00,173.06029478469833,ripple
2025-12-22 00:00:00,172.2416909843787,ripple
2025-12-23 00:00:00,170.44686371370824,ripple
2025-12-24 00:00:00,167.60943870293818,ripple
2025-12-25 00:00:00,167.263038742506,ripple
2025-12-26 00:00:00,165.04561899119747,ripple
2025-12-27 00:00:00,165.4727599387115,ripple
2025-12-28 00:00:00,168.25787026308117,ripple
2025-12-29 00:00:00,167.46439538041022,ripple
2025-12-30 00:00:00,166.09410503738397,ripple
2025-12-31 00:00:00,168.32712635635386,ripple
2026-01-01 00:00:00,165.50465976340502,ripple
2026-01-02 00:00:00,168.83131700028437,ripple
2026-01-03 00:00:00,180.63587347344645,ripple
2026-01-04 00:00:00,181.604717549865,ripple
2026-01-05 00:00:00,188.15116047033248,ripple
2026-01-06 00:00:00,212.68825913675275,ripple
2026-01-07 00:00:00,207.89664769535045,ripple
2026-01-08 00:00:00,194.53385609111456,ripple
2026-01-09 00:00:00,191.0649492448141,ripple
2026-01-10 00:00:00,188.9106539953102,ripple
2026-01-11 00:00:00,188.53918738421436,ripple
2026-01-12 00:00:00,186.79244700092443,ripple
2026-01-13 00:00:00,184.9666054512793,ripple
2026-01-14 00:00:00,194.76573909479882,ripple
2026-01-15 00:00:00,193.05483268305784,ripple
2026-01-16 00:00:00,187.72203002413593,ripple
2026-01-17 00:00:00,187.63674968277468,ripple
2026-01-18 00:00:00,187.35163925323047,ripple
2026-01-19 00:00:00,181.00475865978717,ripple
2026-01-20 00:00:00,180.7609122498983,ripple
2026-01-21 00:00:00,171.9897308275541,ripple
2026-01-22 00:00:00,177.92714976870835,ripple
2026-01-22 06:33:08,178.52468635788242,ripple
2025-01-23 00:00:00,84.76504079415379,cardano
2025-01-24 00:00:00,85.43323337961299,cardano
2025-01-25 00:00:00,83.73443929213768,cardano
2025-01-26 00:00:00,84.25412804302083,cardano
2025-01-27 00:00:00,82.25690670403469,cardano
2025-01-28 00:00:00,80.6601371614543,cardano
2025-01-29 00:00:00,79.3448854631541,cardano
2025-01-30 00:00:00,81.58423072374804,cardano
2025-01-31 00:00:00,83.26528074083501,cardano
2025-02-01 00:00:00,81.71492108326595,cardano
2025-02-02 00:00:00,77.75499403258142,cardano
2025-02-03 00:00:00,69.10966454385272,cardano
2025-02-04 00:00:00,70.3830826140856,cardano
2025-02-05 00:00:00,65.0464403363772,cardano
2025-02-06 00:00:00,64.04080600060006,cardano
2025-02-07 00:00:00,61.66705727118104,cardano
2025-02-08 00:00:00,62.05473880918835,cardano
2025-02-09 00:00:00,61.643722011021104,cardano
2025-02-10 00:00:00,59.89705546770738,cardano
2025-02-11 00:00:00,62.04383496815326,cardano
2025-02-12 00:00:00,67.70203129669069,cardano
2025-02-13 00:00:00,69.40933896014461,cardano
2025-02-14 00:00:00,70.28286719700957,cardano
2025-02-15 00:00:00,69.41405420475513,cardano
2025-02-16 00:00:00,67.69985641422706,cardano
2025-02-17 00:00:00,66.83701995547005,cardano
2025-02-18 00:00:00,70.11689266962209,cardano
2025-02-19 00:00:00,65.4659868777472,cardano
2025-02-20 00:00:00,67.07839200854932,cardano
2025-02-21 00:00:00,69.59221396937019,cardano
2025-02-22 00:00:00,65.99544628950835,cardano
2025-02-23 00:00:00,67.04968396137849,cardano
2025-02-24 00:00:00,66.76373314654752,cardano
2025-02-25 00:00:00,58.94594959862239,cardano
2025-02-26 00:00:00,59.44694876368938,cardano
2025-02-27 00:00:00,56.19723592281375,cardano
2025-02-28 00:00:00,56.42464203333421,cardano
2025-03-01 00:00:00,55.46321782963104,cardano
2025-03-02 00:00:00,57.579007778527135,cardano
2025-03-03 00:00:00,99.56356298196836,cardano
2025-03-04 00:00:00,74.824906085979,cardano
2025-03-05 00:00:00,82.29336316273705,cardano
2025-03-06 00:00:00,84.74865140431866,cardano
2025-03-07 00:00:00,79.05619840704055,cardano
2025-03-08 00:00:00,71.2210900520218,cardano
2025-03-09 00:00:00,70.0775859102068,cardano
2025-03-10 00:00:00,62.8524145769712,cardano
2025-03-11 00:00:00,58.97253708606998,cardano
2025-03-12 00:00:00,63.043555862073696,cardano
2025-03-13 00:00:00,64.2082951655721,cardano
2025-03-14 00:00:00,60.996033765679414,cardano
2025-03-15 00:00:00,64.22467123554533,cardano
2025-03-16 00:00:00,65.01483383658427,cardano
2025-03-17 00:00:00,61.41237257283294,cardano
2025-03-18 00:00:00,62.42831981546527,cardano
2025-03-19 00:00:00,60.84306591903588,cardano
2025-03-20 00:00:00,64.36169836390926,cardano
2025-03-21 00:00:00,61.966435034649386,cardano
2025-03-22 00:00:00,60.55651329808087,cardano
2025-03-23 00:00:00,60.23818523575654,cardano
2025-03-24 00:00:00,60.937287613390005,cardano
2025-03-25 00:00:00,62.44932219622939,cardano
2025-03-26 00:00:00,63.81818095181509,cardano
2025-03-27 00:00:00,62.355850305453714,cardano
2025-03-28 00:00:00,63.254218768094724,cardano
2025-03-29 00:00:00,60.34570595275153,cardano
2025-03-30 00:00:00,57.658036977023094,cardano
2025-03-31 00:00:00,56.465562638257445,cardano
2025-04-01 00:00:00,56.48043972252815,cardano
2025-04-02 00:00:00,58.052589566995685,cardano
2025-04-03 00:00:00,54.989651974513535,cardano
2025-04-04 00:00:00,55.48723915508344,cardano
2025-04-05 00:00:00,56.54151554526467,cardano
2025-04-06 00:00:00,56.12606051175335,cardano
2025-04-07 00:00:00,49.00984915900423,cardano
2025-04-08 00:00:00,50.292242661908546,cardano
2025-04-09 00:00:00,48.19701682303569,cardano
2025-04-10 00:00:00,54.484661578238175,cardano
2025-04-11 00:00:00,52.614217923172646,cardano
2025-04-12 00:00:00,53.71750051741973,cardano
2025-04-13 00:00:00,56.58202439811311,cardano
2025-04-14 00:00:00,54.765262683287546,cardano
2025-04-15 00:00:00,54.606946794624,cardano
2025-04-16 00:00:00,52.127153101316374,cardano
2025-04-17 00:00:00,52.28553340753893,cardano
2025-04-18 00:00:00,52.672692621782105,cardano
2025-04-19 00:00:00,53.561481121992756,cardano
2025-04-20 00:00:00,53.628158690304076,cardano
2025-04-21 00:00:00,52.95563299755083,cardano
2025-04-22 00:00:00,53.023249709220856,cardano
2025-04-23 00:00:00,58.140220316965774,cardano
2025-04-24 00:00:00,59.61623192941381,cardano
2025-04-25 00:00:00,61.5371314998539,cardano
2025-04-26 00:00:00,60.95496942496237,cardano
2025-04-27 00:00:00,60.417696929795845,cardano
2025-04-28 00:00:00,60.117137229172414,cardano
2025-04-29 00:00:00,60.062902214448975,cardano
2025-04-30 00:00:00,59.25492318958424,cardano
2025-05-01 00:00:00,57.67306710228588,cardano
2025-05-02 00:00:00,59.698918244990374,cardano
2025-05-03 00:00:00,59.02965877347122,cardano
2025-05-04 00:00:00,59.35532403600265,cardano
2025-05-05 00:00:00,57.17166633581773,cardano
2025-05-06 00:00:00,55.85236390874065,cardano
2025-05-07 00:00:00,57.5201392040317,cardano
2025-05-08 00:00:00,56.94444234519786,cardano
2025-05-09 00:00:00,65.82995972941414,cardano
2025-05-10 00:00:00,66.38934555539726,cardano
2025-05-11 00:00:00,71.74943135368702,cardano
2025-05-12 00:00:00,68.74564204621527,cardano
2025-05-13 00:00:00,69.58624425842656,cardano
2025-05-14 00:00:00,70.69844127322915,cardano
2025-05-15 00:00:00,68.25816613793596,cardano
2025-05-16 00:00:00,65.01600416810992,cardano
2025-05-17 00:00:00,65.0929268834778,cardano
2025-05-18 00:00:00,63.54371442775237,cardano
2025-05-19 00:00:00,64.28267870448956,cardano
2025-05-20 00:00:00,63.40071693269791,cardano
2025-05-21 00:00:00,63.77908703047677,cardano
2025-05-22 00:00:00,66.08919742718498,cardano
2025-05-23 00:00:00,69.44684177698961,cardano
2025-05-24 00:00:00,63.65851581273922,cardano
2025-05-25 00:00:00,63.46896165580737,cardano
2025-05-26 00:00:00,64.66441745611672,cardano
2025-05-27 00:00:00,64.57114564503321,cardano
2025-05-28 00:00:00,64.68659967727723,cardano
2025-05-29 00:00:00,63.745241847099,cardano
2025-05-30 00:00:00,61.82498784054102,cardano
2025-05-31 00:00:00,59.15030781317313,cardano
2025-06-01 00:00:00,58.72606746547043,cardano
2025-06-02 00:00:00,58.614769582052716,cardano
2025-06-03 00:00:00,58.907732622193535,cardano
2025-06-04 00:00:00,58.696451961044794,cardano
2025-06-05 00:00:00,57.231640874804874,cardano
2025-06-06 00:00:00,53.93113869376616,cardano
2025-06-07 00:00:00,56.31317499695541,cardano
2025-06-08 00:00:00,57.05795014907728,cardano
2025-06-09 00:00:00,57.446078702173054,cardano
2025-06-10 00:00:00,60.47468899127822,cardano
2025-06-11 00:00:00,61.33686903336959,cardano
2025-06-12 00:00:00,59.64621008544978,cardano
2025-06-13 00:00:00,56.9453897443173,cardano
2025-06-14 00:00:00,55.248806769074754,cardano
2025-06-15 00:00:00,53.82130948709094,cardano
2025-06-16 00:00:00,54.58399537363704,cardano
2025-06-17 00:00:00,54.65989932662203,cardano
2025-06-18 00:00:00,52.799480958169944,cardano
2025-06-19 00:00:00,52.24120091293474,cardano
2025-06-20 00:00:00,52.237690769902166,cardano
2025-06-21 00:00:00,49.95596577553515,cardano
2025-06-22 00:00:00,47.69222667447392,cardano
2025-06-23 00:00:00,46.851352588781204,cardano
2025-06-24 00:00:00,50.365554566173856,cardano
2025-06-25 00:00:00,50.485488833746025,cardano
2025-06-26 00:00:00,48.74543414722187,cardano
2025-06-27 00:00:00,47.476959377553754,cardano
2025-06-28 00:00:00,47.773899912522594,cardano
2025-06-29 00:00:00,48.36372088820031,cardano
2025-06-30 00:00:00,49.35121868459406,cardano
2025-07-01 00:00:00,49.024231877447455,cardano
2025-07-02 00:00:00,46.47906147136474,cardano
2025-07-03 00:00:00,50.10508193547827,cardano
2025-07-04 00:00:00,51.1389023432209,cardano
2025-07-05 00:00:00,49.04459552570318,cardano
2025-07-06 00:00:00,49.42293799715681,cardano
2025-07-07 00:00:00,50.07582314548644,cardano
2025-07-08 00:00:00,49.80125214899605,cardano
2025-07-09 00:00:00,50.421480660752565,cardano
2025-07-10 00:00:00,53.44985145451909,cardano
2025-07-11 00:00:00,58.05401712885033,cardano
2025-07-12 00:00:00,61.01106354939446,cardano
2025-07-13 00:00:00,60.83164566957956,cardano
2025-07-14 00:00:00,63.32758377527596,cardano
2025-07-15 00:00:00,63.09976667427142,cardano
2025-07-16 00:00:00,64.26090718509947,cardano
2025-07-17 00:00:00,65.62943236539081,cardano
2025-07-18 00:00:00,71.01740354665912,cardano
2025-07-19 00:00:00,70.30871255736926,cardano
2025-07-20 00:00:00,71.53703541995023,cardano
2025-07-21 00:00:00,73.9446164963196,cardano
2025-07-22 00:00:00,76.82639845890404,cardano
2025-07-23 00:00:00,77.9470965130442,cardano
2025-07-24 00:00:00,70.4915691299088,cardano
2025-07-25 00:00:00,69.57791503805844,cardano
2025-07-26 00:00:00,70.4871958695852,cardano
2025-07-27 00:00:00,70.85246733905389,cardano
2025-07-28 00:00:00,71.90836730855973,cardano
2025-07-29 00:00:00,68.61107091484637,cardano
2025-07-30 00:00:00,68.1118790919329,cardano
2025-07-31 00:00:00,67.00519468922093,cardano
2025-08-01 00:00:00,64.70774472834266,cardano
2025-08-02 00:00:00,62.282684406662014,cardano
2025-08-03 00:00:00,60.851748253196185,cardano
2025-08-04 00:00:00,63.360975105643156,cardano
2025-08-05 00:00:00,66.38338213945487,cardano
2025-08-06 00:00:00,63.720325504590754,cardano
2025-08-07 00:00:00,65.07503003324219,cardano
2025-08-08 00:00:00,68.7715713484723,cardano
2025-08-09 00:00:00,69.4792410244169,cardano
2025-08-10 00:00:00,70.486250723412,cardano
2025-08-11 00:00:00,70.1044023964993,cardano
2025-08-12 00:00:00,67.87391645676456,cardano
2025-08-13 00:00:00,73.76825359273334,cardano
2025-08-14 00:00:00,79.43335595621838,cardano
2025-08-15 00:00:00,81.18450204425004,cardano
2025-08-16 00:00:00,82.42048519464142,cardano
2025-08-17 00:00:00,80.53307304073188,cardano
2025-08-18 00:00:00,84.29343476129799,cardano
2025-08-19 00:00:00,80.61334406801073,cardano
2025-08-20 00:00:00,73.56391969350794,cardano
2025-08-21 00:00:00,76.70089108419775,cardano
2025-08-22 00:00:00,74.20502026401877,cardano
2025-08-23 00:00:00,81.14861066203149,cardano
2025-08-24 00:00:00,79.74712007771905,cardano
2025-08-25 00:00:00,79.50097600172852,cardano
2025-08-26 00:00:00,73.4432514167914,cardano
2025-08-27 00:00:00,75.96432648722325,cardano
2025-08-28 00:00:00,74.51896004943299,cardano
2025-08-29 00:00:00,75.08194612805272,cardano
2025-08-30 00:00:00,72.9368918317864,cardano
2025-08-31 00:00:00,72.47607540788042,cardano
2025-09-01 00:00:00,71.57066229554249,cardano
2025-09-02 00:00:00,70.3504490478379,cardano
2025-09-03 00:00:00,73.44102528146782,cardano
2025-09-04 00:00:00,73.613330623183,cardano
2025-09-05 00:00:00,71.4660558370786,cardano
2025-09-06 00:00:00,73.27107865746497,cardano
2025-09-07 00:00:00,72.18533454724448,cardano
2025-09-08 00:00:00,73.750827645451,cardano
2025-09-09 00:00:00,76.07519735458068,cardano
2025-09-10 00:00:00,76.30328974628871,cardano
2025-09-11 00:00:00,77.95591104891551,cardano
2025-09-12 00:00:00,78.90715848998936,cardano
2025-09-13 00:00:00,80.94610003223875,cardano
2025-09-14 00:00:00,82.09410941528783,cardano
2025-09-15 00:00:00,78.42904415492816,cardano
2025-09-16 00:00:00,75.99165478219383,cardano
2025-09-17 00:00:00,77.37270155515164,cardano
2025-09-18 00:00:00,80.22961114941452,cardano
2025-09-19 00:00:00,81.6095032058992,cardano
2025-09-20 00:00:00,78.45771964661927,cardano
2025-09-21 00:00:00,78.63535587183618,cardano
2025-09-22 00:00:00,77.9699869653689,cardano
2025-09-23 00:00:00,72.9019877591022,cardano
2025-09-24 00:00:00,71.8376858739029,cardano
2025-09-25 00:00:00,72.12252742984586,cardano
2025-09-26 00:00:00,67.63883790313331,cardano
2025-09-27 00:00:00,70.17176608632792,cardano
2025-09-28 00:00:00,69.27017993700203,cardano
2025-09-29 00:00:00,71.6543447501237,cardano
2025-09-30 00:00:00,71.59659093857383,cardano
2025-10-01 00:00:00,71.68254520728877,cardano
2025-10-02 00:00:00,75.30780292461466,cardano
2025-10-03 00:00:00,77.11705587912661,cardano
2025-10-04 00:00:00,76.88529173162847,cardano
2025-10-05 00:00:00,74.52974877864781,cardano
2025-10-06 00:00:00,74.32007666199407,cardano
2025-10-07 00:00:00,77.37677091628191,cardano
2025-10-08 00:00:00,72.86365361714664,cardano
2025-10-09 00:00:00,74.46193462779044,cardano
2025-10-10 00:00:00,72.45252240745417,cardano
2025-10-11 00:00:00,56.687137014719625,cardano
2025-10-12 00:00:00,56.08718851504312,cardano
2025-10-13 00:00:00,62.23401386007152,cardano
2025-10-14 00:00:00,64.59579889897228,cardano
2025-10-15 00:00:00,62.12526659991732,cardano
2025-10-16 00:00:00,58.67678944398841,cardano
2025-10-17 00:00:00,56.713780300941835,cardano
2025-10-18 00:00:00,55.0343109451128,cardano
2025-10-19 00:00:00,55.8141990745481,cardano
2025-10-20 00:00:00,57.40291320558306,cardano
2025-10-21 00:00:00,58.29332129777055,cardano
2025-10-22 00:00:00,56.56174763159032,cardano
2025-10-23 00:00:00,54.65794584669173,cardano
2025-10-24 00:00:00,56.395855046081685,cardano
2025-10-25 00:00:00,57.55055581123451,cardano
2025-10-26 00:00:00,57.544894266736044,cardano
2025-10-27 00:00:00,59.89073476566586,cardano
2025-10-28 00:00:00,58.91297210649657,cardano
2025-10-29 00:00:00,57.01452180753104,cardano
2025-10-30 00:00:00,56.50967918675506,cardano
2025-10-31 00:00:00,53.22534737655235,cardano
2025-11-01 00:00:00,54.11682900121573,cardano
2025-11-02 00:00:00,54.367391100409165,cardano
2025-11-03 00:00:00,54.02300787356406,cardano
2025-11-04 00:00:00,48.93661736216592,cardano
2025-11-05 00:00:00,46.33575322645831,cardano
2025-11-06 00:00:00,48.38374104020577,cardano
2025-11-07 00:00:00,47.014350703425656,cardano
2025-11-08 00:00:00,51.197899831000036,cardano
2025-11-09 00:00:00,50.47793436586556,cardano
2025-11-10 00:00:00,51.251579402275524,cardano
2025-11-11 00:00:00,52.59027737441156,cardano
2025-11-12 00:00:00,49.21636913511942,cardano
2025-11-13 00:00:00,48.27701947877744,cardano
2025-11-14 00:00:00,47.06837260896307,cardano
2025-11-15 00:00:00,44.31985750035874,cardano
2025-11-16 00:00:00,44.65804436778055,cardano
2025-11-17 00:00:00,43.052112746283946,cardano
2025-11-18 00:00:00,41.15694247697542,cardano
2025-11-19 00:00:00,42.000471504352205,cardano
2025-11-20 00:00:00,40.913583728644795,cardano
2025-11-21 00:00:00,38.42854419037266,cardano
2025-11-22 00:00:00,36.67741103693628,cardano
2025-11-23 00:00:00,36.2355298985229,cardano
2025-11-24 00:00:00,36.63984833089355,cardano
2025-11-25 00:00:00,38.170860152164686,cardano
2025-11-26 00:00:00,37.62073857340711,cardano
2025-11-27 00:00:00,38.81229428478082,cardano
2025-11-28 00:00:00,38.80037696164381,cardano
2025-11-29 00:00:00,37.55245322679349,cardano
2025-11-30 00:00:00,37.126032117511286,cardano
2025-12-01 00:00:00,37.16297997215228,cardano
2025-12-02 00:00:00,34.58313141682828,cardano
2025-12-03 00:00:00,39.03172619396574,cardano
2025-12-04 00:00:00,40.63106603629559,cardano
2025-12-05 00:00:00,39.47562148538982,cardano
2025-12-06 00:00:00,37.42514544043495,cardano
2025-12-07 00:00:00,37.19605363753303,cardano
2025-12-08 00:00:00,37.452322726672755,cardano
2025-12-09 00:00:00,38.926091911097906,cardano
2025-12-10 00:00:00,42.226546398727876,cardano
2025-12-11 00:00:00,40.71886443217961,cardano
2025-12-12 00:00:00,38.37646452281977,cardano
2025-12-13 00:00:00,37.040947290862064,cardano
2025-12-14 00:00:00,37.21735504367033,cardano
2025-12-15 00:00:00,35.94543516406314,cardano
2025-12-16 00:00:00,35.20609743543189,cardano
2025-12-17 00:00:00,35.030431046104255,cardano
2025-12-18 00:00:00,33.14055732026334,cardano
2025-12-19 00:00:00,31.715199677613732,cardano
2025-12-20 00:00:00,33.735266695663626,cardano
2025-12-21 00:00:00,33.41149473156285,cardano
2025-12-22 00:00:00,32.774908838687765,cardano
2025-12-23 00:00:00,33.200989747517006,cardano
2025-12-24 00:00:00,32.47427580295638,cardano
2025-12-25 00:00:00,32.01869465699088,cardano
2025-12-26 00:00:00,30.90522345158099,cardano
2025-12-27 00:00:00,31.38760009628236,cardano
2025-12-28 00:00:00,33.15970328835265,cardano
2025-12-29 00:00:00,33.04987770652232,cardano
2025-12-30 00:00:00,31.71898189452914,cardano
2025-12-31 00:00:00,31.519047668202994,cardano
2026-01-01 00:00:00,29.933655031229804,cardano
2026-01-02 00:00:00,32.04302601496097,cardano
2026-01-03 00:00:00,35.38512768093136,cardano
2026-01-04 00:00:00,35.04660956468271,cardano
2026-01-05 00:00:00,35.950163996787914,cardano
2026-01-06 00:00:00,38.11499219534099,cardano
2026-01-07 00:00:00,37.83678072312271,cardano
2026-01-08 00:00:00,36.0869768174452,cardano
2026-01-09 00:00:00,35.573532295187114,cardano
2026-01-10 00:00:00,35.267636620339125,cardano
2026-01-11 00:00:00,35.02930429519167,cardano
2026-01-12 00:00:00,35.2147178200155,cardano
2026-01-13 00:00:00,34.77615587215386,cardano
2026-01-14 00:00:00,37.93409532345037,cardano
2026-01-15 00:00:00,37.40959823641684,cardano
2026-01-16 00:00:00,35.56460384333418,cardano
2026-01-17 00:00:00,35.87645907814403,cardano
2026-01-18 00:00:00,36.00320831287794,cardano
2026-01-19 00:00:00,34.26615961345553,cardano
2026-01-20 00:00:00,33.65269801807225,cardano
2026-01-21 00:00:00,31.974212986946483,cardano
2026-01-22 00:00:00,33.458507380457434,cardano
2026-01-22 06:33:20,33.41024082570321,cardano
