day,arima_forecast,arima_lower,arima_upper,lstm_forecast,lstm_lower,lstm_upper,prophet_forecast,prophet_lower,prophet_upper,coin
1,106017.52129931393,101808.49405424972,110226.54854437814,80807.60834728992,,,107077.69651230707,100790.40911370722,111328.81402982192,BTC
2,105949.586300746,100001.02490887852,111898.14769261348,58017.97048557774,,,107009.08216375345,99001.01465978974,113017.12916953962,BTC
3,105907.39052810254,98640.68313413789,113174.09792206719,35073.56499276761,,,106966.46443338356,97654.27630279651,114305.83890128786,BTC
4,105870.40059912071,97533.55256042362,114207.2486378178,22254.649171068184,,,106929.10460511192,96558.21703481938,115349.32112419598,BTC
5,105859.411848938,96594.34215351628,115124.48154435973,19606.50143969452,,,106918.00596742738,95628.39873198111,116275.72635980333,BTC
6,105861.2231305967,95768.76919279546,115953.67706839794,71326.08702427501,,,106919.83536190267,94811.0815008675,117113.21383908192,BTC
7,105863.1836518361,95005.27552247923,116721.09178119295,49128.38460510326,,,106921.81548835446,94055.22276725444,117888.30269900488,BTC
8,105864.20446387424,94290.52302530219,117437.88590244629,2619.006339089604,,,106922.84650851299,93347.61779504917,118612.26476147075,BTC
9,105864.63232764087,93616.23669845796,118113.02795682377,53566.86721807617,,,106923.27865091727,92680.07433147337,119294.15823639202,BTC
10,105864.6727435714,92976.59276197382,118752.75272516898,55747.561032616926,,,106923.31947100711,92046.82683435408,119940.28025242066,BTC
11,105864.60981425656,92367.03858757601,119362.18104093711,1195.4441861458997,,,106923.25591239912,91443.36820170026,120555.80285134648,BTC
12,105864.57058928814,91783.89445862759,119945.24671994869,64286.72115312161,,,106923.21629518102,90866.05551404132,121144.69918714817,BTC
13,105864.55565793836,91223.99791595244,120505.11339992427,80008.91947541492,,,106923.20121451774,90311.75793679291,121710.16453392351,BTC
14,105864.5526223704,90684.75875184863,121044.34649289216,80347.9121667339,,,106923.19814859409,89777.91116433014,122254.78995782108,BTC
15,105864.55381713582,90164.03516206655,121565.0724722051,65125.35468806545,,,106923.19935530718,89262.39481044588,122780.72319692715,BTC
16,105864.55518301838,89660.03643439163,122069.07393164514,3071.1346944379193,,,106923.20073484856,88763.43607004771,123289.7646709616,BTC
17,105864.55578039616,89171.24605708991,122557.8655037024,67135.08637805251,,,106923.20133820012,88279.53359651902,123783.44415873942,BTC
18,105864.5559243013,88696.36555274198,123032.74629586062,94755.26782977296,,,106923.20148354431,87809.40189721456,124263.07375881923,BTC
19,105864.55590870189,88234.27130784516,123494.84050955862,68848.12265318134,,,106923.20146778891,87351.92859476671,124729.78891465421,BTC
20,105864.55586903502,87783.98315190688,123945.12858616315,80030.10676504183,,,106923.20142772536,86906.14332038781,125184.57987202478,BTC
21,105864.55584642307,87344.63997073399,124384.47172211215,36798.34929483621,,,106923.2014048873,86471.19357102664,125628.31643933327,BTC
22,105864.55583965048,86915.48045482703,124813.63122447392,26930.979515509345,,,106923.20139804698,86046.32565027876,126061.76753671866,BTC
23,105864.55583939276,86495.82764915742,125233.2840296281,87143.40494153845,,,106923.20139778669,85630.86937266585,126485.61686992439,BTC
24,105864.55584048541,86085.0764375584,125644.03524341242,78805.53311113453,,,106923.20139889026,85224.22567318281,126900.47559584655,BTC
25,105864.55584125694,85682.68330163992,126046.42838087396,11581.403846839123,,,106923.2013996695,84825.85646862352,127306.8926646827,BTC
26,105864.55584154799,85288.15788246293,126440.95380063305,69267.5234682471,,,106923.20139996347,84435.2763036383,127705.36333863939,BTC
27,105864.55584158884,84901.05597297632,126828.05571020136,7104.72873062035,,,106923.20140000472,84052.04541324655,128096.33626730337,BTC
28,105864.55584156163,84520.97365596745,127208.1380271558,71700.7220803701,,,106923.20139997725,83675.76391940778,128480.21940742736,BTC
29,105864.55584153638,84147.54236626855,127581.5693168042,65879.00691397283,,,106923.20139995174,83306.06694260586,128857.38500997225,BTC
30,105864.55584152507,83780.42470497423,127948.68697807592,59133.21551153868,,,106923.20139994033,82942.62045792448,129228.17384785667,BTC
1,3569.811686999207,3327.582122951939,3812.041251046475,2779.7849375679157,,,3605.509803869199,3294.3063017224194,3850.1616635569394,ETH
2,3557.0989089815143,3215.635651250455,3898.562166712574,2684.7072299632023,,,3592.6698980713295,3183.47929473795,3937.5477883797,ETH
3,3563.919829920637,3148.993745043564,3978.8459147977096,1036.1432931496843,,,3599.559028219843,3117.5038075931284,4018.6343739456865,ETH
4,3564.791540563855,3095.708711194781,4033.8743699329293,2492.6191789892714,,,3600.439455969494,3064.751624082833,4074.2131136322587,ETH
5,3565.4901021671762,3044.359782226831,4086.6204221075213,108.35079950780647,,,3601.145003188848,3013.916184404563,4127.486626328597,ETH
6,3564.58906828337,2995.2255407989533,4133.952595767787,1334.6057012990304,,,3600.234958966204,2965.273285390964,4175.292121725465,ETH
7,3564.650850344838,2950.5215457167146,4178.780154972961,1665.4950502139777,,,3600.2973588482864,2921.0163302595474,4220.567956522691,ETH
8,3564.6971280198845,2909.276309133974,4220.117946905795,1562.765365224449,,,3600.3440993000836,2880.183546042634,4262.319126374853,ETH
9,3564.7877603685665,2870.5352633339585,4259.040257403174,1935.547669700752,,,3600.435637972252,2841.8299107006187,4301.630659977206,ETH
10,3564.757522365851,2833.7014476073937,4295.813597124308,2979.455869353665,,,3600.4050975895093,2805.36443313132,4338.771733095551,ETH
11,3564.748184439656,2798.6160284822304,4330.880340397081,2058.251860106245,,,3600.395666284053,2770.629868197408,4374.1891438010525,ETH
12,3564.7444585720423,2765.0832703016476,4364.405646842437,1759.9775262386493,,,3600.391903157763,2737.432437598631,4408.049703310861,ETH
13,3564.7500797783687,2732.9154641314726,4396.584695425265,2363.7712540660186,,,3600.3975805761524,2705.586309490158,4440.5505423795175,ETH
14,3564.750437373168,2701.942630413294,4427.558244333042,276.8747677090987,,,3600.3979417469,2674.923204109161,4471.833826776373,ETH
15,3564.7500605461296,2672.0410569847704,4457.459064107489,1530.4409074159983,,,3600.3975611515907,2645.3206464149225,4502.033654748564,ETH
16,3564.749473198766,2643.1085686372103,4486.390377760322,908.2391031548532,,,3600.3969679307534,2616.677482950838,4531.254281537925,ETH
17,3564.749616207232,2615.0579625414557,4514.441269873008,1148.639613716361,,,3600.3971123693045,2588.907382916041,4559.585682571738,ETH
18,3564.74970560786,2587.8125942721254,4541.686816943595,2311.0724382736576,,,3600.3972026639385,2561.934468329404,4587.103685113031,ETH
19,3564.749733567029,2561.3066246448393,4568.1928424892185,1049.0771026496325,,,3600.3972309026994,2535.693558398391,4613.874770914111,ETH
20,3564.7496996856567,2535.482922398066,4594.016476973247,2526.366286441266,,,3600.3971966825134,2510.1280931740853,4639.95664174298,ETH
21,3564.74969352209,2510.291470326374,4619.207916717806,1379.261455052619,,,3600.397190457311,2485.1885556231105,4665.3999958849845,ETH
22,3564.7496962321775,2485.6879888560734,4643.811403608282,1629.3877148654158,,,3600.3971931944993,2460.8311089675126,4690.2495176443645,ETH
23,3564.7497002678792,2461.6331215260043,4667.866279009754,503.87907507083435,,,3600.397197270558,2437.016790310744,4714.544941799852,ETH
24,3564.7496997141748,2438.0917186721285,4691.407680756221,1731.4279401277895,,,3600.3971967113166,2413.710801485407,4738.321757563784,ETH
25,3564.7496990017594,2415.032242844981,4714.467155158538,2569.8219833224684,,,3600.397195991777,2390.881920416531,4761.611826710124,ETH
26,3564.7496987789254,2392.4262572651396,4737.073140292711,2064.285633705554,,,3600.397195766715,2368.501994692488,4784.443871695638,ETH
27,3564.7496989847205,2370.2480148037093,4759.251383165732,1440.4109280183643,,,3600.3971959745677,2346.5455346556723,4806.843896997389,ETH
28,3564.7496990487375,2348.474115418895,4781.02528267858,2934.5766330140777,,,3600.397196039225,2324.989374264706,4828.835535505365,ETH
29,3564.7496990325535,2327.0832183967223,4802.416179668385,2540.220883951914,,,3600.397196022879,2303.812386212755,4850.440341465069,ETH
30,3564.7496990045547,2306.0557968589856,4823.443601150124,558.4477164805113,,,3600.3971959946,2282.9952388903957,4871.678037161625,ETH
1,0.5883302778610723,0.5020106124213563,0.6746499433007883,0.15556046621279734,,,0.594213580639683,0.4969905062971427,0.6813964427337962,ADA
2,0.5865411669469173,0.4769467214057895,0.6961356124880451,0.6874660561248696,,,0.5924065786163865,0.47217725419173157,0.7030969686129256,ADA
3,0.5877445406026479,0.45746205985751043,0.7180270213477854,0.5731315444084607,,,0.5936219860086744,0.4528874392589353,0.7252072915612633,ADA
4,0.5859006302150005,0.436029091033064,0.735772169396937,0.6064830757478417,,,0.5917596365171505,0.43166880012273334,0.7431298910909064,ADA
5,0.585353513188038,0.42057569633918024,0.7501313300368957,0.31723738714377464,,,0.5912070483199183,0.4163699393757884,0.7576326433372647,ADA
6,0.5859745051700941,0.4091801620864204,0.7627688482537678,0.4608305277197846,,,0.591834250221795,0.4050883604655562,0.7703965367363055,ADA
7,0.5858429180604156,0.396929856685327,0.7747559794355041,0.17117940324444395,,,0.5917013472410197,0.3929605581184737,0.7825035392298592,ADA
8,0.5858291798936963,0.3859026190330995,0.7857557407542931,0.1967054702166273,,,0.5916874716926332,0.3820435928427685,0.793613298161836,ADA
9,0.5860278551057878,0.375669123232521,0.7963865869790546,0.04717458864586812,,,0.5918881336568457,0.3719124320001958,0.8043504528488452,ADA
10,0.5859923261660933,0.36546773353987067,0.806516918792316,0.06716780370725643,,,0.5918522494277543,0.36181305620447196,0.8145820879802392,ADA
11,0.5859553850674815,0.35571180606292047,0.8161989640720424,0.11121660089740731,,,0.5918149389181563,0.35215468800229127,0.8243609537127629,ADA
12,0.5859837872149514,0.34645715661902354,0.8255104178108792,0.6095273720364807,,,0.5918436250871009,0.3429925850528333,0.833765521988988,ADA
13,0.5859685450758929,0.33746411073012195,0.8344729794216639,0.6645811780401589,,,0.5918282305266519,0.3340894696228207,0.8428177092158805,ADA
14,0.5859562377623181,0.3288038072079591,0.8431086683166771,0.09140642438272448,,,0.5918158001399413,0.3255157691358795,0.8515397549998439,ADA
15,0.5859648146151125,0.3204591769160414,0.8514704523141836,0.3933317853674545,,,0.5918244627612637,0.317254585146881,0.8599851568373255,ADA
16,0.585963937390775,0.31235368214827813,0.8595741926332718,0.700475841379958,,,0.5918235767646828,0.3092301453267953,0.8681699345596046,ADA
17,0.5859619643645315,0.30448114600696924,0.8674427827220939,0.3888222774498452,,,0.5918215840081769,0.30143633454689955,0.8761172105493148,ADA
18,0.5859645196355845,0.2968298209977176,0.8750992182734514,0.6369849769408248,,,0.5918241648319403,0.2938615227877404,0.883850210456186,ADA
19,0.5859644995950802,0.28937092772813816,0.8825580714620223,0.6978087581277982,,,0.591824144591031,0.2864772184508568,0.8913836521766425,ADA
20,0.5859637641516393,0.2820942468097537,0.8898332814935249,0.3295873408453065,,,0.5918234017931557,0.27927330434165615,0.8987316143084602,ADA
21,0.585964199090881,0.27498947989989336,0.8969389182818688,0.21111510641698816,,,0.5918238410817899,0.2722395851008944,0.9059083074646874,ADA
22,0.585964148483651,0.2680426019823822,0.9038856949849197,0.45905465713523524,,,0.5918237899684875,0.2653621759625584,0.9129245519347688,ADA
23,0.5859639257849271,0.26124413257734197,0.9106837189925121,0.4104046503806,,,0.5918235650427763,0.25863169125156854,0.9197905561824372,ADA
24,0.5859640298576352,0.2545856271421881,0.9173424325730823,0.5970368315536118,,,0.5918236701562115,0.2520397708707662,0.9265158568988132,ADA
25,0.5859640442499987,0.24805814279475208,0.9238699457052453,0.37856644681843943,,,0.5918236846924987,0.24557756136680456,0.9331086451622977,ADA
26,0.5859639985177565,0.24165431698262968,0.9302736800528832,0.2798525985109035,,,0.5918236385029341,0.2392377738128034,0.9395764168534121,ADA
27,0.5859640270080856,0.2353675513140478,0.9365605027021233,0.4236579907905324,,,0.5918236672781665,0.23301387580090732,0.9459261077291445,ADA
28,0.5859640343572454,0.2291915091545631,0.9427365595599277,0.2889973515852314,,,0.5918236747008179,0.22689959406301746,0.9521639251555271,ADA
29,0.5859640216725354,0.22312054836884926,0.9488074949762215,0.4605128074124334,,,0.5918236618892607,0.22088934288516077,0.9582955699259837,ADA
30,0.58596402662506,0.21714953293694306,0.9547785203131769,0.042454386402746076,,,0.5918236668913106,0.2149780376075736,0.9643263055163087,ADA
1,2.503017948240783,2.2871747387664096,2.7188611577151565,2.1079445911153973,,,2.5280481277231908,2.2643029913787456,2.7460497692923083,XRP
2,2.499598097214385,2.2145939824349856,2.7846022119937848,1.9283687709989346,,,2.5245940781865293,2.1924480426106356,2.8124482341137225,XRP
3,2.50403670856496,2.167260630792508,2.840812786337412,1.7384573116413966,,,2.52907707565061,2.1455880244845833,2.8692209142007865,XRP
4,2.523823602170667,2.143116128531189,2.904531075810145,1.7743952301716843,,,2.5490618381923733,2.121684967245877,2.9335763865682463,XRP
5,2.5277566094780974,2.098016884372513,2.957496334583682,2.0802804513573228,,,2.5530341755728783,2.077036715528788,2.9870712979295186,XRP
6,2.5245152078533795,2.0479977516497816,3.0010326640569773,1.2480475859223539,,,2.549760359931913,2.0275177741332837,3.0310429906975473,XRP
7,2.524603185161457,2.0071854306611803,3.042020939661734,0.1931961953339896,,,2.549849217013072,1.9871135763545684,3.0724411490583514,XRP
8,2.526815581064253,1.9717662929933035,3.081864869135203,1.7230833442622797,,,2.552083736874896,1.9520486300633704,3.112683517826555,XRP
9,2.5280619880281647,1.9370363609993375,3.119087615056992,0.5270873084762,,,2.5533426079084465,1.9176659973893442,3.150278491207562,XRP
10,2.5276899853173176,1.9022082461210972,3.153171724513538,0.0011346247191817292,,,2.5529668851704908,1.8831861636598861,3.1847034417586735,XRP
11,2.5274606390569714,1.8694372308899503,3.1854840472239925,1.694082855132971,,,2.552735245447541,1.8507428585810508,3.2173388876962323,XRP
12,2.5277023898338755,1.838787246570357,3.216617533097394,1.9904548079200348,,,2.5529794137322144,1.8203993741046534,3.248783708428368,XRP
13,2.527931740324221,1.8093940526445687,3.2464694280038735,2.4933512334149137,,,2.5532110577274634,1.791300112118123,3.2789341222839123,XRP
14,2.5279273403937417,1.7808641084513295,3.274990572336154,1.8029279736419448,,,2.553206613797679,1.7630554673668162,3.3077404780595154,XRP
15,2.52786879587913,1.753324928388145,3.3024126633701147,2.265312506213861,,,2.5531474838379213,1.7357916791042634,3.3354367900038158,XRP
16,2.527882690828626,1.7268202848324754,3.3289450968247762,0.6936466291552149,,,2.5531615177369122,1.7095520819841505,3.362234547793024,XRP
17,2.527919330443183,1.7011881072847994,3.3546505536015663,0.5899544560279462,,,2.5531985237476147,1.6841762262119515,3.388197059137582,XRP
18,2.527927260430221,1.6762905717149905,3.379563949145451,1.653561499782959,,,2.553206533034523,1.6595276659978406,3.4133595886369057,XRP
19,2.5279182190851017,1.652080880884089,3.4037555572861145,1.3624268519876903,,,2.553197401275953,1.6355600720752481,3.4377931128589756,XRP
20,2.5279163673210503,1.628531689606093,3.4273010450360077,0.1626777910857573,,,2.5531955309942607,1.612246372710032,3.4615740554863677,XRP
21,2.5279212005656233,1.6055911086271992,3.4502512925040474,2.380700870719982,,,2.5532004125712797,1.5895351975409273,3.484753805429088,XRP
22,2.5279236300510037,1.583204195158566,3.4726430649434414,0.9754953978683274,,,2.553202866351514,1.5673721532069804,3.507369495592876,XRP
23,2.5279226737985327,1.5613316550882042,3.4945136925088613,0.8057442076671273,,,2.5532019005365183,1.545718338537322,3.52945882943395,XRP
24,2.5279219014456764,1.5399435453871706,3.5159002575041822,0.9977241709005793,,,2.553201120460133,1.5245441099332988,3.551059260079224,XRP
25,2.527922364738188,1.5190101783588021,3.5368345511175736,2.433052805859422,,,2.5532015883855697,1.503820076575214,3.5722028966287493,XRP
26,2.5279228630958657,1.4985023875448633,3.5573433386468682,1.596459921124567,,,2.5532020917268246,1.4835173636694146,3.592916772033337,XRP
27,2.5279228322285263,1.4783946116134423,3.5774510528436103,0.7535425632628527,,,2.5532020605508117,1.4636106654973078,3.6132255633720463,XRP
28,2.5279226746671464,1.4586647699093087,3.5971805794249843,0.019867936132514082,,,2.553201901413818,1.4440781222102157,3.6331523852192342,XRP
29,2.527922688735222,1.439292647666177,3.6165527298042672,2.469367319972189,,,2.5532019156225743,1.4248997211895151,3.65271825710231,XRP
30,2.5279227690158073,1.4202593457649635,3.635586192266651,0.37196702866473386,,,2.5532019967059654,1.4060567523073138,3.6719420541893175,XRP
1,994.258387194265,946.0356856015101,1042.4810887870199,476.2716106828446,,,1004.2009710662077,936.575328745495,1052.9058996748902,BNB
2,994.1122718343316,922.122056243831,1066.1024874248324,45.858894295980534,,,1004.053394552675,912.9008356813927,1076.7635122990807,BNB
3,994.3846614056446,911.1398511386981,1077.629471672591,699.0649088548996,,,1004.3285080197011,902.0284526273111,1088.405766389317,BNB
4,993.6834139881197,903.0361897171601,1084.3306382590793,698.6940563777955,,,1003.6202481280009,894.0058278199886,1095.17394464167,BNB
5,993.902397207697,893.7923975571166,1094.0123968582775,464.2448699271202,,,1003.841421179774,884.8544735815454,1104.9525208268603,BNB
6,994.005336301796,884.3994840957154,1103.6111885078765,420.4044777161288,,,1003.945389664814,875.5554892547582,1114.6473003929552,BNB
7,994.0399658596889,876.5494385728755,1111.5304931465023,414.74896618676473,,,1003.9803655182858,867.7839441871467,1122.6457980779674,BNB
8,993.9269219127156,869.5440994832489,1118.309744342182,655.7438269969264,,,1003.8661911318427,860.8486584884164,1129.4928417856038,BNB
9,993.9401183134675,862.6847797447033,1125.1954568822316,117.82066671670394,,,1003.8795194966021,854.0579319472563,1136.447411451054,BNB
10,993.9714455626469,855.9806074696534,1131.9622836556405,673.8898070159757,,,1003.9111600182733,847.4208013949568,1143.2819064921969,BNB
11,993.9796894390837,849.6800847996764,1138.2792940784911,567.881995392733,,,1003.9194863334745,841.1832839516796,1149.662087019276,BNB
12,993.9598153177083,843.7175768416604,1144.202053793756,190.468768852135,,,1003.8994134708854,835.2804010732438,1155.6440743316937,BNB
13,993.9579359708079,837.956512505723,1149.9593594358928,614.2813562315401,,,1003.897515330516,829.5769473806658,1161.4589530302517,BNB
14,993.9648457204739,832.3652767787246,1155.5644146622233,254.5909231238903,,,1003.9044941776787,824.0416240109373,1167.1200588088454,BNB
15,993.967338742531,826.9706257455127,1160.9640517395492,560.8714065736913,,,1003.9070121299562,818.7009194880576,1172.5736922569447,BNB
16,993.963830571842,821.7594937623743,1166.1681673813098,121.13448626817603,,,1003.9034688775604,813.5418988247505,1177.8298490551228,BNB
17,993.962731604023,816.6992905380856,1171.2261726699603,324.94393259615293,,,1003.9023589200633,808.5322976327047,1182.9384343966599,BNB
18,993.9640508815085,811.7730004389789,1176.155101324038,348.76510267290814,,,1003.9036913903235,803.655270434589,1187.9166523372785,BNB
19,993.9647567139518,806.9769762435554,1180.9525371843483,348.9311377701173,,,1003.9044042810914,798.9072064811198,1192.7620625561917,BNB
20,993.9641641626254,802.3036509421843,1185.6246773830665,476.9238401712519,,,1003.9038058042516,794.2806144327624,1197.4809241568971,BNB
21,993.9638247227793,797.7416568803471,1190.1859925652116,195.26787422693474,,,1003.9034629700071,789.7642403115436,1202.0878524908637,BNB
22,993.964048406143,793.2821665461694,1194.6459302661167,540.8926995627384,,,1003.9036888902044,785.3493448807077,1206.592389568778,BNB
23,993.9642298254688,788.919531999589,1199.0089276513486,40.27020521521131,,,1003.9038721237235,781.0303366795931,1210.9990169278622,BNB
24,993.9641386982039,784.6482864292558,1203.2799909671521,446.68943590053857,,,1003.903780085186,776.8018035649633,1215.3127908768236,BNB
25,993.964051655148,780.4625658973735,1207.4655374129225,72.2943333783931,,,1003.9036921716994,772.6579402383998,1219.5401927870516,BNB
26,993.9640841580012,776.3571437672617,1211.5710245487408,124.1086056061761,,,1003.9037249995813,768.593572329589,1223.6867347942282,BNB
27,993.9641271230261,772.3276989804539,1215.6005552655984,694.8669548447771,,,1003.9037683942563,764.6044219906494,1227.7565608182545,BNB
28,993.9641155321814,768.3702946824119,1219.5579363819509,263.0620445307466,,,1003.9037566875032,760.6865917355877,1231.7535157457703,BNB
29,993.9640953562214,764.4811561953968,1223.447034517046,584.0430935292893,,,1003.9037363097837,756.8363446334429,1235.6815048622163,BNB
30,993.9640987833886,760.6568071306078,1227.2713904361694,646.9772551956805,,,1003.9037397712225,753.0502390593017,1239.5441043405312,BNB
1,166.2127510362167,151.04901205557638,181.37649001685702,39.52202048571581,,,167.87487854657888,149.5385219350206,183.19025491702558,SOL
2,166.22196849775355,145.24829147642134,187.19564551908576,91.0361906110596,,,167.8841881827311,143.79580856165714,189.0676019742766,SOL
3,165.78370482408738,140.98165228258756,190.5857573655872,121.92912027291428,,,167.44154187232826,139.57183575976168,192.49161493924308,SOL
4,166.5368670924819,138.835734660521,194.2379995244428,30.017683131370628,,,168.20223576340675,137.4473773139158,196.18037951968725,SOL
5,166.81145462161987,136.37964912634084,197.2432601168989,94.60219346898391,,,168.47956916783608,135.01585263507744,199.2156927180679,SOL
6,166.6556799695807,133.05107512927137,200.26028480989,44.73037297916767,,,168.3222367692765,131.72056437797866,202.2628876579889,SOL
7,166.5879285435696,130.12747608047687,203.04838100666234,58.018749559815454,,,168.2538078290053,128.8262013196721,205.07886481672895,SOL
8,166.54565382404837,127.538242380991,205.55306526710575,170.45126018049646,,,168.21111036228885,126.26285995718108,207.6085959197768,SOL
9,166.63993799445228,125.30102448326898,207.9788515056356,109.54247843074852,,,168.3063373743968,124.04801423843628,210.05864002069194,SOL
10,166.67045612844737,123.10177698257296,210.23913527432177,115.00365830039603,,,168.33716068973183,121.87075921274723,212.34152662706498,SOL
11,166.64812939868827,120.89933623425934,212.3969225631172,151.8061550913152,,,168.31461069267516,119.69034287191674,214.52089178874837,SOL
12,166.63329844113176,118.80805356051386,214.45854332174966,24.68026028293946,,,168.29963142554308,117.61997302490872,216.60312875496714,SOL
13,166.63003836467595,116.82864812698787,216.43142860236404,135.0800876031148,,,168.2963387483227,115.660361645718,218.5957428883877,SOL
14,166.6424584585133,114.94760840491858,218.337308512108,94.01143802624033,,,168.30888304309843,113.7981323208694,220.52068159722907,SOL
15,166.64610682972258,113.12097362092618,220.171240038519,153.57833548782787,,,168.3125678980198,111.98976388471692,222.37295243890418,SOL
16,166.6428204450574,111.34186213411002,221.94377875600478,3.9744937908224363,,,168.30924864950796,110.22844351276892,224.16321654356483,SOL
17,166.64033635410186,109.61937786163557,223.66129484656815,26.239682636580977,,,168.30673971764287,108.52318408301922,225.89790779503383,SOL
18,166.64021436053542,107.95152917330513,225.32889954776573,150.33235872391458,,,168.30661650414078,106.87201388157209,227.58218854324338,SOL
19,166.64190296477625,106.33243821563624,226.95136771391626,1.2972530080720956,,,168.308321994424,105.26911383347988,229.22088139105543,SOL
20,166.64235205540672,104.753967769212,228.53073634160143,152.41476083542796,,,168.3087755759608,103.70642809151988,230.81604370501745,SOL
21,166.64185869636205,103.21316026505407,230.07055712767004,25.800743272908555,,,168.30827728332568,102.18102866240353,232.37126269894674,SOL
22,166.6414819422307,101.70907714171751,231.57388674274392,137.55078100522883,,,168.307896761653,100.69198637030034,233.88962561017135,SOL
23,166.641506143075,100.23969577205133,233.04331651409865,41.205976779907,,,168.30792120450573,99.23729881433081,235.37374967923964,SOL
24,166.64174009811242,98.80244204429401,234.48103815193082,61.417752578443476,,,168.30815749909354,97.81441762385107,236.82584853345014,SOL
25,166.64179523036023,97.39475974133997,235.8888307193805,160.5638102484822,,,168.30821318266382,96.42081214392657,238.24771902657432,SOL
26,166.64172050510254,96.01491962871961,237.26852138148547,17.493377058532307,,,168.30813771015357,95.05477043243242,239.64120659530033,SOL
27,166.64166613687044,94.66155574823073,238.62177652551014,115.89565790078225,,,168.30808279823916,93.71494019074842,241.00799429076525,SOL
28,166.64167469058486,93.33326831451092,239.9500810666588,2.6551080984851754,,,168.3080914374907,92.3999356313658,242.3495818773254,SOL
29,166.6417074496363,92.02865938985074,241.25475550942184,56.70553911096483,,,168.30812452413267,91.10837279595223,243.66730306451606,SOL
30,166.64171404260335,90.746435700319,242.5369923848877,54.20558254426689,,,168.3081311830294,89.8389713433158,244.96236230873657,SOL
1,0.18208028635931597,0.16078326354466893,0.20337730917396302,0.09456534801737158,,,0.18390108922290913,0.15917543090922223,0.20541108226570265,DOGE
2,0.18238126967432422,0.15243714445992004,0.2123253948887284,0.10861881159088714,,,0.18420508237106747,0.15091277301532083,0.2144486488376157,DOGE
3,0.18234986436489886,0.14630220465917412,0.2183975240706236,0.17433276703628944,,,0.18417336300854786,0.14483918261258238,0.22058149931132984,DOGE
4,0.18252811425269266,0.14142437415571646,0.22363185434966887,0.04746524761859226,,,0.18435339539521958,0.1400101304141593,0.22586817289316555,DOGE
5,0.1826155962590702,0.13665592791559694,0.22857526460254346,0.14358263079170477,,,0.1844417522216609,0.13528936863644098,0.2308610172485689,DOGE
6,0.18262719836183475,0.1319800197800287,0.23327437694364078,0.1880817489315714,,,0.1844534703454531,0.13066021958222843,0.23560712071307718,DOGE
7,0.18262903202777153,0.12772525605325835,0.2375328080022847,0.15639278406942406,,,0.18445532234804926,0.12644800349272578,0.23990813608230757,DOGE
8,0.18263237395411333,0.12381108457680357,0.2414536633314231,0.04596534718079786,,,0.18445869769365447,0.12257297373103553,0.24386819996473733,DOGE
9,0.18264109105913437,0.12014344664446712,0.2451387354738016,0.05578572779916838,,,0.18446750196972572,0.11894201217802244,0.24759012282853962,DOGE
10,0.18264412109232375,0.11665615407775405,0.24863208810689347,0.11141019691947766,,,0.184470562303247,0.11548959253697651,0.2511184089879624,DOGE
11,0.18264408003522045,0.11333490812508626,0.2519532519453547,0.05558508813706372,,,0.18447052083557267,0.1122015590438354,0.2544727844648082,DOGE
12,0.18264398054945583,0.11016827925712647,0.2551196818417852,0.1670237168457008,,,0.1844704203549504,0.1090665964645552,0.25767087866020305,DOGE
13,0.18264435610254143,0.10713601535072041,0.25815269685436243,0.11459931147509103,,,0.18447079966356683,0.10606465519721321,0.26073422382290606,DOGE
14,0.18264475400786673,0.1042202628356426,0.26106924518009084,0.004334739249882264,,,0.18447120154794538,0.10317806020728618,0.26367993763189174,DOGE
15,0.1826448327005076,0.10140802745195332,0.2638816379490619,0.046218149736552284,,,0.18447128102751267,0.10039394717743379,0.2665204543285525,DOGE
16,0.18264480249044585,0.09868976290920359,0.2665998420716881,0.14862785830419897,,,0.1844712505153503,0.09770286528011154,0.269265840492405,DOGE
17,0.18264480289076807,0.096056975667698,0.26923263011383813,0.008310361405855235,,,0.18447125091967576,0.09509640591102102,0.2719249564149765,DOGE
18,0.1826448296383778,0.09350196411960665,0.27178769515714896,0.034980736526866854,,,0.1844712779347616,0.09256694447841059,0.27450557210872045,DOGE
19,0.18264484579444706,0.09101811203650917,0.27427157955238496,0.03273336879109997,,,0.18447129425239153,0.09010793091614408,0.27701429534790883,DOGE
20,0.1826448459009262,0.08859979618690499,0.2766898956149474,0.09395916980299827,,,0.18447129435993545,0.08771379822503593,0.27945679457109684,DOGE
21,0.18264484373684367,0.08624212878151781,0.2790475586921695,0.14238135476993058,,,0.1844712921742121,0.08537970749370263,0.2818380342790912,DOGE
22,0.18264484446311374,0.08394077111871812,0.28134891780750937,0.07523445338723336,,,0.1844712929077449,0.08310136340753094,0.2841624069855845,DOGE
23,0.18264484601518532,0.08169186242620419,0.28359782960416646,0.08333946703975093,,,0.18447129447533717,0.08087494380194214,0.2864338079002081,DOGE
24,0.18264484653808996,0.07949196841204548,0.28579772466413444,0.18937274316974662,,,0.18447129500347087,0.07869704872792502,0.2886557019107758,DOGE
25,0.18264484637522777,0.0773380195202643,0.2879516732301912,0.08641867924764213,,,0.18447129483898003,0.07656463932506165,0.29083118996249313,DOGE
26,0.1826448462821391,0.07522725374950735,0.29006243881477084,0.07869304004777274,,,0.1844712947449605,0.07447498121201228,0.29296306320291854,DOGE
27,0.18264484636168157,0.0731571733921636,0.29213251933119955,0.09447524617240788,,,0.1844712948252984,0.07242560165824197,0.29505384452451155,DOGE
28,0.18264484643776574,0.07112551220348216,0.2941641806720493,0.1338995907388782,,,0.1844712949021434,0.07041425708144734,0.2971058224787698,DOGE
29,0.18264484644625364,0.0691302072492572,0.2961594856432501,0.013686139155485383,,,0.18447129491071618,0.06843890517676463,0.2991210804996826,DOGE
30,0.18264484643265091,0.0671693740757316,0.29812031878957024,0.1873147604644266,,,0.18447129489697742,0.06649768033497429,0.3011015219774659,DOGE
1,3.2437578745307136,2.883399638954072,3.604116110107355,2.34096531111701,,,3.2761954532760207,2.8545656425645314,3.640157271208429,DOT
2,3.253707233211926,2.73511259719527,3.772301869228582,2.406539264826471,,,3.2862443055440456,2.7077614712233173,3.810024887920868,DOT
3,3.2555764345643885,2.633620396755542,3.877532472373235,3.8116001536944495,,,3.2881321989100325,2.6072841927879864,3.9163077970969677,DOT
4,3.2536659297520165,2.5499949331775196,3.9573369263265135,2.158211577163623,,,3.2862025890495365,2.5244949838457442,3.9969102955897786,DOT
5,3.2548063146383224,2.4837611733151936,4.025851455961451,1.2182416562327014,,,3.2873543777847054,2.4589235615820417,4.066109970521065,DOT
6,3.2540288582317087,2.4175781598859283,4.090479556577489,3.804003616997749,,,3.286569146814026,2.393402378287069,4.1313843521432645,DOT
7,3.2541085637712404,2.3557376743378726,4.1524794532046085,0.044907567982109375,,,3.286649649408953,2.332180297594494,4.194004247736655,DOT
8,3.254260559034562,2.298038801410537,4.210482316658587,1.3567319198674286,,,3.286803164624908,2.2750584133964318,4.252587139825173,DOT
9,3.2541946980000924,2.2435305571715087,4.264858838828676,2.774958539368434,,,3.286736644980093,2.2210952515997935,4.307507427216963,DOT
10,3.254235352137869,2.1921628632024195,4.316307841073319,3.065313313013467,,,3.2867777056592478,2.1702412345703954,4.3594709194840515,DOT
11,3.2542167080659485,2.1430963737724715,4.3653370423594255,3.51682100175746,,,3.286758875146608,2.1216654100347467,4.4089904127830195,DOT
12,3.2542101121338076,2.0960709186796165,4.412349305587998,1.8431920650733968,,,3.286752213255146,2.0751102094928204,4.456472798643878,DOT
13,3.254216216471195,2.0508837478906137,4.457548685051776,0.3181219642779043,,,3.2867583786359074,2.0303749104117075,4.502124171902294,DOT
14,3.2542144223481064,2.007322118052194,4.501106726644019,2.4969253373795492,,,3.2867565665715874,1.9872488968716722,4.546117793910459,DOT
15,3.25421576265622,1.9652419651685853,4.543189560143855,0.42069916957075465,,,3.286757920282782,1.9455895455168994,4.588621455745294,DOT
16,3.2542156283035784,1.92449369472828,4.5839375618788765,3.6825336385741396,,,3.286757784586614,1.9052487577809971,4.629776937497665,DOT
17,3.2542151661941614,1.8849563482248093,4.623473984163514,3.352062267124232,,,3.286757317856103,1.8661067847425612,4.669708724005149,DOT
18,3.25421532661897,1.8465291510067223,4.661901502231218,2.7236799886283545,,,3.2867574798851598,1.8280638594966552,4.70852051725353,DOT
19,3.2542152784976124,1.809122871393775,4.6993076856014495,2.7446246667158896,,,3.2867574312825885,1.7910316426798372,4.746300762457464,DOT
20,3.254215314110412,1.7726609061930299,4.735769722027794,3.2041621473054986,,,3.2867574672515163,1.7549342971310995,4.783127419248072,DOT
21,3.254215330843026,1.7370750976912663,4.771355563994786,2.918190318131847,,,3.2867574841514564,1.7197043467143536,4.819069119634734,DOT
22,3.2542153130884053,1.7023050453039579,4.806125580872853,2.4049452879683586,,,3.2867574662192895,1.6852819948509183,4.854186836681581,DOT
23,3.2542153154486964,1.6682971280635428,4.84013350283385,2.3413411890136744,,,3.2867574686031835,1.6516141567829075,4.8885348378621885,DOT
24,3.2542153138659837,1.6350032936211736,4.873427334110794,3.89899972181516,,,3.2867574670046436,1.6186532606849617,4.922161607451901,DOT
25,3.2542153142736603,1.6023803811661077,4.906050247381213,2.225329218295916,,,3.286757467416397,1.5863565773544466,4.955110749855025,DOT
26,3.2542153154680213,1.5703893997948875,4.938041231141155,0.9841284863248421,,,3.2867574686227017,1.5546855057969386,4.987421643452567,DOT
27,3.254215315039368,1.5389949858793919,4.9694356441993435,2.826611015027413,,,3.2867574681897613,1.523605036020598,5.019130000641337,DOT
28,3.254215315030687,1.5081649607625902,5.000265669298784,3.645402118974229,,,3.286757468180994,1.4930833111549644,5.050268325991772,DOT
29,3.2542153149737376,1.4778699366327872,5.030560693314688,2.8215161889125606,,,3.286757468123475,1.4630912372664593,5.080866300247835,DOT
30,3.2542153149445974,1.4480829920778742,5.06034763781132,3.3482729648762946,,,3.2867574680940432,1.4336021621570953,5.110951114189434,DOT
1,102.9866725694052,94.36413593387721,111.6092092049332,22.668505909151538,,,104.01653929509925,93.42049457453844,112.72530129698252,LTC
2,103.5992443149981,91.51790448401307,115.68058414598313,36.590705708186505,,,104.63523675814808,90.60272543917294,116.83738998744296,LTC
3,103.84537217473573,89.71645847773235,117.97428587173911,88.13564065030471,,,104.88382589648309,88.81929389295502,119.1540287304565,LTC
4,104.13695192852715,88.33470468634158,119.93919917071273,99.48791768362102,,,105.17832144781242,87.45135763947816,121.13859116241986,LTC
5,104.07847267839286,86.87105500449363,121.28589035229209,79.8391551216834,,,105.11925740517678,86.00234445444869,122.49874925581501,LTC
6,103.98940271625142,85.41889078584866,122.55991464665418,63.468787260934974,,,105.02929674341394,84.56470187799017,123.78551379312073,LTC
7,103.98306969120794,84.10925976834432,123.85687961407157,28.443718247498428,,,105.02290038812002,83.26816717066087,125.09544841021228,LTC
8,103.98503640075499,82.89331894067647,125.07675386083352,7.174539120877938,,,105.02488676476254,82.0643857512697,126.32752139944185,LTC
9,103.99473819984443,81.75407458352477,126.2354018161641,20.12872737711732,,,105.03468558184288,80.93653383768952,127.49775583432574,LTC
10,103.99831749819991,80.6689557098178,127.32767928658203,89.99650106848058,,,105.03830067318191,79.86226615271961,128.60095607944785,LTC
11,103.99629910563242,79.62717357117359,128.36542464009125,98.64639757595647,,,105.03626209668874,78.83090183546184,129.64907888649216,LTC
12,103.99537363100067,78.62806012993912,129.36268713206223,58.454045238987945,,,105.03532736731069,77.84177952863972,130.65631400338285,LTC
13,103.99507689695211,77.6671997156443,130.32295407825993,73.30032713687275,,,105.03502766592163,76.89052771848786,131.62618361904254,LTC
14,103.99519557739005,76.74056651726053,131.24982463751957,86.27761050635415,,,105.03514753316395,75.97316085208793,132.56232288389475,LTC
15,103.99540054512129,75.8445846855613,132.14621640468127,79.26783385861732,,,105.03535455057249,75.0861388387057,133.46767856872808,LTC
16,103.99541609048339,74.97613055520175,133.01470162576504,48.644200504932414,,,105.03537025138823,74.22636924964974,134.3448486420227,LTC
17,103.99538986722781,74.132871398623,133.85790833583263,31.406847353380783,,,105.0353437659001,73.39154268463676,135.19648741919096,LTC
18,103.99537245473455,73.31277685428476,134.67796805518432,37.33205528919431,,,105.0353261792819,72.57964908574192,136.02474773573616,LTC
19,103.99536679772423,72.51404586555128,135.47668772989718,28.365243272314466,,,105.03532046570147,71.78890540689576,136.83145460719615,LTC
20,103.99537142948034,71.73509439768739,136.2556484612733,7.620793997543236,,,105.03532514377515,71.01774345371052,137.61820494588602,LTC
21,103.99537413638485,70.97451301288959,137.01623525988012,16.945709314143922,,,105.0353278777487,70.2647678827607,138.38639761247893,LTC
22,103.99537425668149,70.2310582691778,137.75969024418518,13.888778878925379,,,105.03532799924831,69.52874768648601,139.13728714662705,LTC
23,103.99537384110366,69.50362398184933,138.48712370035798,61.796219364760326,,,105.0353275795147,68.80858774203084,139.87199493736156,LTC
24,103.99537345413235,68.79121756300918,139.1995293452555,6.368537739889877,,,105.03532718867368,68.1033053873791,140.59152463870808,LTC
25,103.99537342590428,68.09294480486199,139.89780204694657,97.59775021374577,,,105.03532716016332,67.41201535681337,141.29678006741602,LTC
26,103.99537351350344,67.40799633954055,140.58275068746633,70.41739257297064,,,105.03532724863847,66.73391637614515,141.988578194341,LTC
27,103.9953735504706,66.73563718151405,141.25510991942716,50.974211457719704,,,105.03532728597531,66.0682808096989,142.66766101862143,LTC
28,103.99537355403199,66.0751976609923,141.91554944707167,91.04636533939583,,,105.03532728957231,65.41444568438237,143.33470494154238,LTC
29,103.99537354353764,65.426065468908,142.56468161816727,58.36849666486173,,,105.03532727897301,64.77180481421892,143.99032843434895,LTC
30,103.99537353738884,64.78767899699577,143.20306807778192,90.75834316252,,,105.03532727276273,64.13980220702581,144.63509875855974,LTC
1,0.2962265503008169,0.285383286484563,0.3070698141170708,0.15466188582953574,,,0.29918881580382506,0.2825294536197174,0.3101405122582415,TRX
2,0.29565094075861725,0.2811801977020816,0.3101216838151529,0.050124593907094506,,,0.29860745016620344,0.2783683957250608,0.31322290065330444,TRX
3,0.2951305723865437,0.27790560601342995,0.3123555387596575,0.13810455343822767,,,0.29808187811040915,0.27512654995329566,0.31547909414725406,TRX
4,0.29530141072123167,0.27620642976033216,0.3143963916821312,0.12124492642346835,,,0.298254424828444,0.2734443654627288,0.3175403555989525,TRX
5,0.2950071771315174,0.27409986695723576,0.3159144873057991,0.022952697135279296,,,0.2979572489028326,0.2713588682876634,0.3190736321788571,TRX
6,0.2951081421929728,0.27275983313431457,0.3174564512516311,0.07546174938857086,,,0.29805922361490256,0.2700322348029714,0.3206310157641474,TRX
7,0.2951230232221712,0.2713341189200591,0.3189119275242833,0.27833777042917857,,,0.2980742534543929,0.2686207777308585,0.32210104679952617,TRX
8,0.2951809079963431,0.27004127964550506,0.32032053634718116,0.01662384503098759,,,0.29813271707630656,0.26734086684905,0.32352374171065296,TRX
9,0.29515242331515534,0.2686916850403667,0.32161316158994396,0.14789175887921963,,,0.2981039475483069,0.26600476818996305,0.3248292932058434,TRX
10,0.2951697795247352,0.2674681355679719,0.32287142348149855,0.19962888680002858,,,0.29812147731998256,0.26479345421229217,0.3261001377163135,TRX
11,0.2951564252746281,0.266255162947644,0.3240576876016122,0.20193212202479077,,,0.2981079895273744,0.2635926113181676,0.32729826447762833,TRX
12,0.2951595502714356,0.2651152972635924,0.3252038032792788,0.05436117311389543,,,0.29811114577414993,0.2624641442909565,0.32845584131207156,TRX
13,0.2951542965141543,0.26400634957131275,0.3263022434569959,0.2581138806571207,,,0.29810583947929586,0.26136628607559964,0.3295652658915658,TRX
14,0.2951579579910116,0.2629472237184468,0.32736869226357634,0.13798061936753975,,,0.2981095375709217,0.26031775148126235,0.3306423791862121,TRX
15,0.29515633563266247,0.2619147888345105,0.3283978824308144,0.13628371995771021,,,0.2981078989889891,0.2592956409461654,0.33168186125512256,TRX
16,0.2951577671977629,0.2609174117326652,0.32939812266286056,0.016609003285880778,,,0.2981093448697405,0.25830823761533855,0.33269210388948917,TRX
17,0.29515707365564486,0.259945427042158,0.3303687202691317,0.08733889152439493,,,0.2981086443922013,0.25734597277173643,0.33367240747182303,TRX
18,0.2951575954478741,0.2590011322247788,0.33131405867096947,0.23677459879640514,,,0.2981091714023529,0.256411120902531,0.33462719925767914,TRX
19,0.2951571839096632,0.25807969361973415,0.3322346741995923,0.16380686311336334,,,0.29810875574875983,0.2554988966835368,0.33555702094158824,TRX
20,0.2951573860104852,0.2571814035096895,0.3331333685112809,0.0697816898486591,,,0.29810895987059005,0.2546095894745926,0.3364647021963937,TRX
21,0.295157234432631,0.2563034262688772,0.33401104259638476,0.15413735768756828,,,0.2981088067769573,0.2537403920061884,0.3373511530223486,TRX
22,0.2951573312076016,0.2554451728705277,0.33486948954467555,0.09449095407934384,,,0.29810890451967764,0.2528907211418224,0.3382181844401223,TRX
23,0.2951572720369442,0.25460488089809574,0.33570966317579265,0.2438684832061168,,,0.29810884475731364,0.2520588320891148,0.3390667598075506,TRX
24,0.2951573166732757,0.25378178072790286,0.33653285261864857,0.26787310965453204,,,0.2981088898400085,0.25124396292062384,0.33989818114483505,TRX
25,0.2951572909361775,0.2529746493635115,0.3373399325088435,0.05565145476184219,,,0.29810886384553925,0.25044490286987636,0.34071333183393193,TRX
26,0.29515730787717936,0.2521827281428392,0.3381318876115195,0.10671096288100337,,,0.29810888095595117,0.24966090086141082,0.3415132064876347,TRX
27,0.2951572961607134,0.2514051026848543,0.3389094896365725,0.2633984875661751,,,0.29810886912232054,0.24889105165800574,0.34229858453293827,TRX
28,0.29515730327111245,0.2506410825596636,0.3396735239825613,0.10066049138188199,,,0.2981088763038236,0.24813467173406697,0.34307025922238693,TRX
29,0.2951572983384112,0.24988994077397003,0.34042465590285237,0.04130374098166546,,,0.2981088713217953,0.24739104136623033,0.3438289024618809,TRX
30,0.2951573014778726,0.24915107123211105,0.3411635317236342,0.04286885869508462,,,0.29810887449265133,0.24665956051978993,0.34457516704087054,TRX
