date,coin,open,high,low,close,volume,avg_sentiment,sentiment_count,sentiment_7d,sentiment_14d,sentiment_30d,log_return,volatility_14d,future_vol_7d,future_vol_14d,future_vol_30d,future_return_7d,future_return_14d,future_return_30d
2025-02-12,ADA,0.7782,0.8079,0.7448,0.7997,271335009.3,0.6966,2.0,0.5403464285714286,0.4313553571428571,0.5703796666666666,,,,0.15610829533721904,0.06767941470670594,0.00487682881080409,0.4192822308365638,-0.1275478304364136
2025-02-14,ADA,0.8107,0.8293,0.7891,0.7998,144880343.5,0.5849,4.0,0.5171035714285714,0.4712767857142857,0.5570063333333334,0.00012503907487367583,,,0.1762045035419157,0.05563539543235857,-0.04713678419604894,0.07251812953238312,-0.14778694673668413
2025-02-15,ADA,0.7997,0.8141,0.7745,0.7811,72649439.8,0.9217,2.0,0.589675,0.4873553571428571,0.5663674444444443,-0.023658513796466333,,,0.17748021868296204,0.04402103059820905,-0.014594802202022694,0.204583279989758,-0.10446805786711044
2025-02-16,ADA,0.7811,0.7893,0.7615,0.7714,62651373.5,-0.7149,2.0,0.4822392857142857,0.4362910714285714,0.5185407777777777,-0.012496136842124247,,,0.18312123327644975,0.050825655658001734,-0.11433756805807616,0.04381643764583876,-0.0027223230490017736
2025-02-17,ADA,0.7714,0.8291,0.7705,0.8089,193681003.3,0.9429,2.0,0.5373107142857142,0.44489107142857137,0.5200841111111111,0.04746825424977952,,,0.18608467738043782,0.0500931526418963,-0.1996538509086413,-0.12856966250463586,-0.038941772777846384
2025-02-18,ADA,0.8089,0.814,0.7351,0.7541,173068755.8,0.6553,2.0,0.505925,0.49892321428571423,0.5121882777777778,-0.07015031481530554,,,0.18537413428194568,0.051004896894533025,-0.14454316403659995,-0.04853467709852799,0.11470627237766884
2025-02-19,ADA,0.7542,0.7761,0.7328,0.7738,118560241.8,0.26995,4.0,0.47949285714285717,0.5182053571428571,0.5339132777777778,0.02578845705781121,,,0.1855141746645705,0.052974100039942136,-0.1479710519514087,-0.0390281726544327,0.04070819333161024
2025-02-20,ADA,0.7737,0.8111,0.7703,0.8036,123013598.3,0.5574,2.0,0.4596071428571428,0.4999767857142857,0.5265499444444445,0.037788190674366624,,0.15610829533721904,0.18557692951822094,0.05298116619425907,0.4123942259830762,-0.12269785963165758,0.016674962667994064
2025-02-21,ADA,0.8036,0.8187,0.7501,0.7621,176129521.6,0.6124,2.0,0.4635357142857143,0.49031964285714286,0.5147432777777777,-0.05302385226870756,,0.1762045035419157,0.18515086568205538,0.052835557577299394,0.12557407164414114,-0.07964834011284605,0.08896470279490876
2025-02-23,ADA,0.7733,0.7883,0.7596,0.7697,68066469.6,-0.886,2.0,0.20529285714285717,0.39748392857142856,0.45253327777777774,0.009923047868200113,,0.17748021868296204,0.18517429750191083,0.04931219256291927,0.22242432116408972,-0.07665324152267128,0.037547096271274505
2025-02-25,ADA,0.6816,0.695,0.6302,0.6832,314619948.7,0.4939,2.0,0.3779785714285714,0.4301089285714285,0.43678327777777776,-0.1192131860659117,,0.18312123327644975,0.18236374006937317,0.049896824713835275,0.1785714285714286,0.06659836065573765,0.11592505854800916
2025-02-26,ADA,0.6832,0.6954,0.6312,0.6474,188683060.2,0.9268,2.0,0.3756785714285714,0.45649464285714286,0.4361166111111111,-0.05382330098221616,,0.18608467738043782,0.1829265856071606,0.04641775236684006,0.08881680568427552,0.04572134692616636,0.14720420142106905
2025-02-27,ADA,0.6475,0.6798,0.6263,0.6451,119338095.8,0.7757,2.0,0.39287857142857147,0.4494017857142857,0.4337032777777778,-0.003558997953947956,,0.18537413428194568,0.1832799726931865,0.04661062021108379,0.11223066191288167,0.008835839404743417,0.19252829018756779
2025-03-01,ADA,0.6328,0.677,0.6252,0.6593,101845318.3,0.4588,2.0,0.4198571428571429,0.449675,0.4230532777777778,0.021773322581058064,,0.1855141746645705,0.18394929540144217,,0.12786288487790087,-0.07401789777036238,
2025-03-02,ADA,0.6593,1.1488,0.645,1.135,1462027409.9,0.4623,4.0,0.40627142857142856,0.4329392857142857,0.41903194444444447,0.5432092637962491,0.15610829533721904,0.18557692951822094,0.09649832274616121,,-0.37885462555066085,-0.44651982378854627,
2025-03-03,ADA,1.1349,1.1747,0.8228,0.8578,1410346466.6,0.4565333333333333,6.0,0.3840047619047619,0.42377023809523806,0.4342497222222222,-0.280016957832723,0.1762045035419157,0.18515086568205538,0.07332473006969394,,-0.1823268827232455,-0.20797388668687344,
2025-03-04,ADA,0.8577,0.9562,0.7576,0.9409,1103033777.6,0.7882,2.0,0.6231761904761904,0.4142345238095238,0.44482861111111116,0.09246589192993977,0.17748021868296204,0.18517429750191083,0.06767941470670594,,-0.24465936868955251,-0.25847592730364544,
2025-03-08,ADA,0.818,0.8392,0.7931,0.8052,195763913.6,-0.9118,2.0,0.42236190476190477,0.40017023809523816,0.4135686111111111,-0.1557461702470835,0.18312123327644975,0.18236374006937317,0.05563539543235857,,-0.0950074515648286,-0.15350223546944863,
2025-03-16,ADA,0.7468,0.7473,0.6936,0.7049,166304049.4,0.83925,4.0,0.40985476190476194,0.3927666666666667,0.4183236111111111,-0.13303474498580653,0.18608467738043782,0.1829265856071606,0.04402103059820905,,-0.03958008228117449,-0.007660661086678955,
2025-03-17,ADA,0.7049,0.732,0.7024,0.7175,124793194.3,0.9674,2.0,0.4372404761904762,0.41505952380952377,0.4505702777777778,0.017716998853946245,0.18537413428194568,0.1832799726931865,0.050825655658001734,,-0.09296167247386755,0.07219512195121935,
2025-03-19,ADA,0.7017,0.747,0.7003,0.7436,203333627.3,0.51185,4.0,0.4448190476190476,0.43233809523809524,0.4402152777777778,0.03573030821351269,0.1855141746645705,0.18394929540144217,0.0500931526418963,,-0.17899408284023666,0.045454545454545414,
2025-03-21,ADA,0.7179,0.7277,0.7006,0.705,99337577.7,0.885,2.0,0.5052047619047618,0.4557380952380953,0.47308694444444443,-0.05330545303502044,0.18557692951822094,0.09649832274616121,0.051004896894533025,,-0.10893617021276591,0.192340425531915,
2025-03-22,ADA,0.705,0.7161,0.6971,0.7014,58014666.0,0.5514,2.0,0.5187571428571428,0.4513809523809523,0.49146694444444444,-0.005119465106190864,0.18515086568205538,0.07332473006969394,0.052974100039942136,,-0.031365839749073254,0.1481323068149416,
2025-03-23,ADA,0.7015,0.716,0.6917,0.7107,83791747.2,0.7003,2.0,0.5062,0.5646880952380953,0.4877236111111111,0.013172062126771631,0.18517429750191083,0.06767941470670594,0.05298116619425907,,-0.01829182496130577,0.14957084564513856,
2025-03-26,ADA,0.7447,0.7744,0.7197,0.7287,166873889.6,0.0,2.0,0.6364571428571428,0.5294095238095238,0.4628036111111111,0.02501172484338707,0.18236374006937317,0.05563539543235857,0.052835557577299394,,-0.06463565253190617,0.1388774529984904,
2025-04-01,ADA,0.6618,0.6949,0.6577,0.677,106364321.5,0.0,2.0,0.5165642857142857,0.4632095238095238,0.4490136111111111,-0.0735908517639615,0.1829265856071606,0.04402103059820905,0.04931219256291927,,0.03323485967503692,0.17961595273264397,
2025-04-03,ADA,0.64,0.6576,0.613,0.6508,114219073.8,0.0,2.0,0.37836428571428576,0.40780238095238097,0.4477752777777778,-0.03946889756739228,0.1832799726931865,0.050825655658001734,0.049896824713835275,,0.18208358942839564,0.17148125384142587,
2025-04-16,ADA,0.609,0.6245,0.5946,0.6105,126774167.2,0.0,2.0,0.3052428571428571,0.3750309523809524,0.4291952777777778,-0.06392408179412341,0.18394929540144217,0.0500931526418963,0.04641775236684006,,0.27338247338247323,0.2165438165438165,
2025-04-19,ADA,0.6276,0.6349,0.6191,0.6282,42619558.8,-0.9485,2.0,0.043314285714285736,0.27425952380952384,0.3684119444444444,0.028580293553786808,0.09649832274616121,0.051004896894533025,0.04661062021108379,,0.33810888252148996,0.22460999681630045,
2025-04-22,ADA,0.6241,0.685,0.6153,0.6794,143341355.5,0.6124,2.0,0.05202857142857144,0.2853928571428571,0.3736594444444445,0.07835146862193733,0.07332473006969394,0.052974100039942136,,,0.18531056814836622,,
2025-04-23,ADA,0.6794,0.7183,0.6774,0.6977,159614226.0,0.757,2.0,0.060128571428571434,0.2831642857142857,0.3756727777777778,0.026579155218707417,0.06767941470670594,0.05298116619425907,,,0.17099039701877583,,
2025-04-30,ADA,0.6957,0.7037,0.6647,0.6816,97477142.0,0.1891,2.0,0.08714285714285716,0.3618,0.36247944444444447,-0.023346235430084943,0.05563539543235857,0.052835557577299394,,,0.21757629107981225,,
2025-05-03,ADA,0.6982,0.7297,0.6917,0.6995,125664048.1,0.4515,2.0,0.15164285714285716,0.33410357142857144,0.3468061111111111,0.025922818590429997,0.04402103059820905,0.04931219256291927,,,0.14167262330235886,,
2025-05-08,ADA,0.6716,0.771,0.67,0.7693,238990032.9,0.16096666666666667,12.0,0.17463809523809526,0.2765011904761905,0.3760016666666666,0.0951152163593531,0.050825655658001734,0.049896824713835275,,,-0.008969192772650514,,
2025-05-09,ADA,0.7694,0.818,0.7532,0.7774,223733227.0,0.0,2.0,0.17463809523809526,0.2399404761904762,0.34457166666666666,0.010474007953233713,0.0500931526418963,0.04641775236684006,,,-0.044635966040648234,,
2025-05-10,ADA,0.7773,0.8435,0.7704,0.8406,177651038.9,0.46665,8.0,0.37680238095238094,0.21005833333333332,0.3382833333333333,0.07816090415289358,0.051004896894533025,0.04661062021108379,,,-0.08482036640494883,,
2025-05-11,ADA,0.8406,0.8466,0.7813,0.8053,131407953.5,0.0,2.0,0.28931666666666667,0.17067261904761905,0.32928499999999994,-0.0429010437695171,0.052974100039942136,,,,,,
2025-05-12,ADA,0.8054,0.8643,0.7802,0.817,250186987.8,0.7319,2.0,0.28573095238095236,0.1729297619047619,0.3351016666666667,0.014424216058503582,0.05298116619425907,,,,,,
2025-05-13,ADA,0.8169,0.8419,0.7716,0.8299,170776720.3,0.836275,16.0,0.37818452380952383,0.23266369047619048,0.34256416666666667,0.015666116744399456,0.052835557577299394,,,,,,
2025-05-14,ADA,0.83,0.8337,0.7887,0.7986,137228841.5,0.9117500000000001,4.0,0.44393452380952386,0.2977886904761905,0.4024891666666667,-0.03844501697528136,0.04931219256291927,,,,,,
2025-05-15,ADA,0.7987,0.8102,0.7445,0.7624,181474078.9,0.0,2.0,0.42093928571428574,0.2977886904761905,0.38602583333333335,-0.04638884228912864,0.049896824713835275,,,,,,
2025-05-17,ADA,0.7588,0.7814,0.7267,0.7427,127369154.9,-0.1845,4.0,0.3945821428571428,0.28461011904761907,0.3489825,-0.026179157664741524,0.04641775236684006,,,,,,
2025-05-21,ADA,0.7461,0.7839,0.7366,0.7693,152161906.6,-0.8402,2.0,0.20788928571428572,0.29234583333333336,0.29511916666666665,0.03518881578963818,0.04661062021108379,,,,,,
2025-02-01,BTC,102429.56,102783.71,100279.51,100635.65,12290.95747,0.4348666666666667,6.0,0.3438442857142857,0.46160297619047613,0.41198355555555555,,,,0.0189615150459293,0.05145063350009489,-0.0416443874511665,-0.030466241336941646,-0.19396575666774152
2025-02-02,BTC,100635.66,101456.6,96150.0,97700.59,34619.49939,0.071,6.0,0.39417761904761905,0.4055672619047619,0.4204846666666667,-0.029598970722466058,,,0.01793331806066819,0.05174349856379785,-0.01266972901596597,-0.019657916088326566,-0.15482055942548556
2025-02-03,BTC,97700.59,102500.01,91231.0,101328.52,75164.7385,-0.09663333333333331,6.0,0.348277619047619,0.34729059523809525,0.39348022222222223,0.03646031368487303,,,0.014264591442473303,0.05228049812684015,-0.03846597187050593,-0.05582613858368801,-0.17091426974360235
2025-02-04,BTC,101328.51,101732.31,96150.0,97763.13,40267.98697,0.2714,4.0,0.3399276190476191,0.31451678571428576,0.3752552222222222,-0.03582039951426249,,,0.011404048341176651,0.04806031988364052,-0.0203034620515935,-0.011443577962366835,-0.15392408160417947
2025-02-05,BTC,97763.14,99149.0,96155.0,96612.43,26233.30444,0.7600666666666666,6.0,0.4109942857142857,0.3527405952380952,0.3738218888888889,-0.011840104206887518,,,0.011007117695703433,0.04808365388629681,0.013016544558500431,-0.003668575565276555,-0.10108937328250611
2025-02-06,BTC,96612.44,99120.0,95676.64,96554.35,23515.20405,0.502425,8.0,0.3966607142857143,0.3733155952380952,0.3638360555555556,-0.0006013456532248081,,,0.024466044952709664,0.04885668249988871,0.0005570955632758778,-0.08154940714737358,-0.12771004102870565
2025-02-07,BTC,96554.35,100137.99,95620.34,96506.8,31794.22065,0.8555,2.0,0.3998035714285714,0.39936916666666666,0.36990938888888886,-0.0004925900520273397,,,0.027184617149182716,0.0488586402799633,0.010296476517716924,-0.12700358938437506,-0.13124681369602975
2025-02-08,BTC,96506.8,96880.0,95688.0,96444.74,10147.24294,0.8957,2.0,0.4656369047619048,0.40474059523809525,0.3997660555555555,-0.0006432703479849328,,0.0189615150459293,0.02738787257228124,0.03800763787081284,0.011663881306538837,-0.12168792201627587,-0.10744225138664898
2025-02-09,BTC,96444.75,97323.09,94713.0,96462.75,14120.91613,0.9517,2.0,0.5914511904761904,0.4928144047619048,0.41151438888888886,0.00018672162550374357,,0.01793331806066819,0.027295675805620537,0.02994041526038028,-0.007077861661625828,-0.12556981840140358,-0.09293317886956365
2025-02-10,BTC,96462.75,98345.0,95256.0,97430.82,20572.87537,0.85358,10.0,0.7271959523809522,0.5377367857142857,0.4692303888888889,0.009985664239646478,,0.014264591442473303,0.04220585520677443,0.029824671912176602,-0.018054656627133014,-0.032441685290137245,-0.10799098273010543
2025-02-11,BTC,97430.82,98478.42,94876.88,95778.2,18647.76379,0.33813333333333334,6.0,0.7367292857142856,0.5383284523809524,0.45927149999999994,-0.017107486030289196,,0.011404048341176651,0.04813379836271664,0.027844111082517872,0.009043498416132278,-0.09978878283367187,-0.08922896859619411
2025-02-12,BTC,95778.21,98119.99,94088.23,97869.99,29151.16625,-0.017000000000000015,6.0,0.625719761904762,0.5183570238095238,0.4587048333333333,0.021604863590941464,,0.011007117695703433,0.04776154057760643,0.026828536313245346,-0.01647072815681294,-0.10818443937717792,-0.13738235796284437
2025-02-13,BTC,97870.0,98083.91,95217.36,96608.14,19921.77616,-0.65635,4.0,0.46018047619047614,0.4284205952380952,0.4352165,-0.012976962582638805,,0.024466044952709664,0.04924526464482383,0.024690705579609347,-0.08206078701028718,-0.06212861566323502,-0.14717341623594027
2025-02-14,BTC,96608.13,98826.0,96252.82,97500.48,18173.02646,0.5523428571428571,14.0,0.4168723129251701,0.40833794217687075,0.42755992857142855,0.009194298389878524,,0.027184617149182716,0.050084926083507654,0.024555133446790427,-0.13590076684750685,-0.10973002389321562,-0.15333739895434362
2025-02-15,BTC,97500.47,97972.26,97223.58,97569.66,7349.37683,0.44245,4.0,0.3521223129251701,0.40887960884353747,0.4290427063492063,0.0007092833675137415,0.0189615150459293,0.02738787257228124,0.05096516038543708,0.024308395103214604,-0.13181433654683228,-0.1500125141360542,-0.12720470687301777
2025-02-17,BTC,96118.12,97046.59,95205.0,95780.0,16492.0451,0.8921666666666667,6.0,0.34361755102040814,0.4675343707482993,0.4461707619047619,-0.01851268952165657,0.01793331806066819,0.027295675805620537,0.051207479291924304,0.024903919846540445,-0.11933660471914798,-0.12632992273961163,-0.1312059929003968
2025-02-18,BTC,95780.01,96753.91,93388.09,95671.74,23368.19471,0.9682,2.0,0.35999183673469387,0.5435938945578231,0.4682374285714286,-0.001130937870179614,0.014264591442473303,0.04220585520677443,0.05145063350009489,0.02455031125575124,-0.014651557502769474,-0.15214482353932313,-0.1231489047863038
2025-02-19,BTC,95671.74,96899.99,95029.99,96644.37,16438.50954,0.06890000000000003,8.0,0.3215299319727891,0.5291296088435374,0.44201742857142856,0.010114995490717066,0.011404048341176651,0.04813379836271664,0.05174349856379785,0.0241864753786444,-0.10785687774673258,-0.14558364858708273,-0.13561452157016485
2025-02-23,BTC,96551.01,96650.0,95227.94,96258.0,10884.84913,0.9062,2.0,0.4534156462585034,0.5395677040816327,0.4482494285714286,-0.004005865938006974,0.011007117695703433,0.04776154057760643,0.05228049812684015,0.02553374239014678,-0.093249600033244,-0.12724106048328454,-0.18521057989985246
2025-02-25,BTC,91552.88,92540.69,86050.99,88680.4,78333.11111,0.031399999999999983,6.0,0.5516656462585033,0.5059230612244898,0.42495498412698407,-0.08199319125914603,0.024466044952709664,0.04924526464482383,0.04806031988364052,0.024945933135565,0.021714042787357668,-0.06726819003973816,-0.1073197685170566
2025-02-26,BTC,88680.39,89414.15,82256.01,84250.09,56893.54409,-0.891,2.0,0.3454738095238095,0.38117306122448985,0.38775720634920635,-0.05124925785668909,0.027184617149182716,0.050084926083507654,0.04808365388629681,0.026382463424968035,0.030286733224854867,0.03081124305030425,-0.09409687277485401
2025-02-27,BTC,84250.09,87078.46,82716.49,84708.58,42505.45439,0.4939,2.0,0.35282380952380954,0.3524730612244898,0.39707470634920633,0.005427257747781736,0.02738787257228124,0.05096516038543708,0.04885668249988871,0.03412507593794901,-0.020961158834205462,-0.005727755086910924,-0.024712490753593053
2025-02-28,BTC,84708.57,85120.0,78258.52,84349.94,83648.03969,0.1269,6.0,0.2435,0.2935587755102041,0.384946373015873,-0.004242797559089215,0.027295675805620537,0.051207479291924304,0.0488586402799633,0.034786075465908846,-0.007940965933111555,-0.006038534230137005,-0.056225766135696076
2025-03-02,BTC,86064.54,95000.0,85050.6,94270.0,54889.09045,0.3657857142857143,14.0,0.15744081632653062,0.2587163265306122,0.36978923015873016,0.1111889077382077,0.04220585520677443,0.05145063350009489,0.03800763787081284,0.03761809519077909,-0.13953771083059296,-0.08685159647820095,-0.11505420600403105
2025-03-03,BTC,94269.99,94416.46,85117.11,86220.61,59171.10218,0.8457333333333333,6.0,0.2684170068027211,0.2949734693877551,0.40735811904761904,-0.08925376118948612,0.04813379836271664,0.05174349856379785,0.02994041526038028,0.0376224413876407,-0.042287801025764016,0.014817222935444407,-0.028538536203814857
2025-03-04,BTC,86221.16,88967.52,81500.0,87281.98,55609.10706,0.007599999999999996,4.0,0.14004557823129254,0.296730612244898,0.4001225634920635,0.01223478265846054,0.04776154057760643,0.05228049812684015,0.029824671912176602,0.03673784000490577,-0.03748711933436888,-0.0042713284002035,-0.03082423198923756
2025-03-05,BTC,87281.98,91000.0,86334.53,90606.01,38264.01163,0.0963,4.0,0.14931700680272111,0.35049132653061227,0.39233756349206345,0.03737651951263447,0.04924526464482383,0.04806031988364052,0.027844111082517872,0.036127485314093453,-0.08709113225491327,-0.03723814788886526,-0.07257388334394144
2025-03-07,BTC,89931.88,91283.02,84667.03,86801.75,57980.35713,0.30746666666666667,6.0,0.3205265306122449,0.33300017006802723,0.39383311904761903,-0.042893763636276755,0.050084926083507654,0.04808365388629681,0.026828536313245346,0.03621613082802316,0.0005090911185545721,-0.02738850311197638,-0.02135717309846863
2025-03-11,BTC,78595.86,83617.4,76606.0,82932.99,48770.06853,0.9246,2.0,0.38205510204081633,0.3674394557823129,0.40456111904761904,-0.045593850436428204,0.05096516038543708,0.04885668249988871,0.024690705579609347,0.03524545849456297,0.015559549945082018,-0.006547454758353721,0.027085120167499088
2025-03-12,BTC,82932.99,84539.85,80607.65,83680.12,31933.986,-0.25,2.0,0.32821224489795914,0.2858561224489796,0.36844445238095236,0.008968502033038601,0.051207479291924304,0.0488586402799633,0.024555133446790427,0.0352640646109696,0.0019176597739105627,-0.013505119256521203,0.04584254898296036
2025-03-13,BTC,83680.12,84336.33,79939.9,81115.78,27546.27412,-0.5267,2.0,0.2007142857142857,0.17907755102040818,0.33639223015873015,-0.03112391755655611,0.05145063350009489,0.03800763787081284,0.024308395103214604,0.03928043231253743,0.06123000974656234,0.0498369121273321,0.15502902148016084
2025-03-16,BTC,84338.44,85117.04,81981.12,82574.53,17596.12531,0.9628,2.0,0.21743809523809526,0.24292755102040817,0.3661188968253969,0.01782376267187234,0.05174349856379785,0.02994041526038028,0.024903919846540445,0.03912724629579934,0.05962649741996717,0.007733135144698977,0.14610013523540477
2025-03-17,BTC,82574.52,84756.83,82456.0,84010.03,17214.74358,-0.08216666666666668,6.0,0.20461428571428572,0.17232993197278912,0.36660111904761905,0.017234917011719673,0.05228049812684015,0.029824671912176602,0.02455031125575124,0.03341506947337666,0.034509450835810807,-0.0014303054051998387,0.12638931327604563
2025-03-18,BTC,84010.02,84021.74,81134.66,82715.03,17610.89883,0.12116,10.0,0.20816571428571432,0.1787413605442177,0.36159311904761904,-0.015534869726955195,0.04806031988364052,0.027844111082517872,0.0241864753786444,0.03395790292467695,0.054608938665681395,0.00994934052493246,0.13340102760042516
2025-03-19,BTC,82715.03,87000.0,82547.16,86845.94,28151.05374,0.9732,2.0,0.3032704761904762,0.31189850340136055,0.3686975634920635,0.04873441757894435,0.04808365388629681,0.026828536313245346,0.02553374239014678,0.030946777360741203,-0.02788339903972481,-0.09690654508431829,0.09401982407007159
2025-03-20,BTC,86845.93,87453.67,83655.23,84223.39,22090.30463,0.32975,12.0,0.2182919047619048,0.30017350340136056,0.36294173015873016,-0.030663070683642123,0.04885668249988871,0.024690705579609347,0.024945933135565,0.025452878746660846,-0.021768299756160348,-0.06008010363866845,0.11912878358375267
2025-03-22,BTC,84088.79,84539.17,83625.1,83840.59,5420.22114,0.0,2.0,0.2540061904761905,0.2911092176870748,0.3344250634920635,-0.0045554158836728165,0.0488586402799633,0.024555133446790427,0.026382463424968035,0.021994841020787415,-0.015393259994950004,-0.08967219815604821,0.15561138107448924
2025-03-23,BTC,83840.59,86129.64,83809.75,86082.5,8461.97813,0.02406666666666668,6.0,0.3326871428571429,0.2667007142857143,0.3053706190476191,0.026388880980959678,0.03800763787081284,0.024308395103214604,0.03412507593794901,0.02073362131591994,-0.010735747683907948,-0.04027856997647605,0.11354131211337948
2025-03-24,BTC,86082.5,88765.43,85519.09,87498.16,30115.62111,-0.886,2.0,0.06857285714285714,0.14300547619047618,0.24411395238095238,0.01631162582836565,0.02994041526038028,0.024903919846540445,0.034786075465908846,0.0218862689817495,-0.04897325840909117,-0.09018315356574358,0.07748117217550621
2025-03-26,BTC,87392.88,88275.0,85860.0,86909.17,18408.78485,0.9001,2.0,0.2088966666666667,0.20675547619047618,0.24566461904761905,-0.006754214276579032,0.029824671912176602,0.02455031125575124,0.03761809519077909,0.021902536059102858,-0.034740867965946554,-0.040103132960538024,0.09003089087146954
2025-03-27,BTC,86909.17,87756.39,85800.0,87232.01,17098.03897,0.9501,2.0,0.32731666666666664,0.2677411904761905,0.26606350793650796,0.0037078004164337397,0.027844111082517872,0.0241864753786444,0.0376224413876407,0.021845289490324514,-0.04234706961355117,-0.03980201763091318,0.11232677087229792
2025-03-28,BTC,87232.01,87515.67,83585.0,84424.38,27182.73169,0.0,4.0,0.18828809523809525,0.2457792857142857,0.2666301746031746,-0.0327151282624945,0.026828536313245346,0.02553374239014678,0.03673784000490577,0.02589225155929896,-0.07100294962189835,0.0019804705702308745,0.22312535786463572
2025-03-30,BTC,82648.53,83534.64,81565.0,82389.99,9864.49508,0.6597,2.0,0.2354238095238095,0.22685785714285714,0.3104985079365079,-0.024392273494858552,0.024690705579609347,0.024945933135565,0.036127485314093453,0.026117777715267437,-0.03916434508609601,0.019910064317279375,0.24981190069327597
2025-03-31,BTC,82390.0,83943.08,81278.52,82550.01,20569.13885,0.1002,12.0,0.24973809523809523,0.2518721428571428,0.29542707936507934,0.0019403425512951966,0.024555133446790427,0.026382463424968035,0.03621613082802316,0.025863455445606788,-0.07544020891093772,0.029047846269188993,0.26964890737142255
2025-04-01,BTC,82550.0,85579.46,82432.74,85158.34,20190.39697,0.075925,8.0,0.25714642857142855,0.2949167857142857,0.2832095793650794,0.031108055610873073,0.024308395103214604,0.03412507593794901,0.03524545849456297,0.02078943347709855,-0.02986342852620183,0.00024542516916148394,0.2226400843417098
2025-04-03,BTC,82516.28,83998.02,81211.24,83213.09,27337.84135,-0.25303333333333333,6.0,0.34757023809523807,0.20807154761904761,0.245036246031746,-0.023107679933113145,0.024903919846540445,0.034786075465908846,0.0352640646109696,0.021464443093761772,-0.04333200461610054,0.051712296707164596,0.23527824768915573
2025-04-04,BTC,83213.09,84720.0,81659.0,83889.87,32915.53976,-0.6369,2.0,0.12799880952380951,0.16844773809523808,0.19153291269841272,0.008100200026060092,0.02455031125575124,0.03761809519077909,0.03928043231253743,0.021461111014247247,-0.005555259532527557,0.11683424947493659,0.24095698324481862
2025-04-05,BTC,83889.87,84266.0,82379.95,83537.99,9360.40468,0.45005,4.0,0.05656309523809524,0.19193988095238093,0.2042379126984127,-0.004203368759459135,0.0241864753786444,0.0376224413876407,0.03912724629579934,0.02129400043854051,0.002657593269840497,0.1328819379063344,0.2385251309015215
2025-04-06,BTC,83537.99,83817.63,77153.83,78430.0,27942.71436,0.46745,4.0,0.12334166666666667,0.15581488095238094,0.1896129126984127,-0.06309499122461922,0.02553374239014678,0.03673784000490577,0.03341506947337666,0.021377721343582998,0.07856151982659698,0.20652811424199924,0.3148877980364655
2025-04-07,BTC,78430.0,81243.58,74508.0,79163.24,78387.53089,-0.8807,2.0,-0.09671547619047619,0.06935416666666665,0.15920957936507935,0.00930554243469642,0.024945933135565,0.036127485314093453,0.03395790292467695,0.021463869764853115,0.06148232437176637,0.18425294366425615,0.33362075630052535
2025-04-08,BTC,79163.24,80867.99,76239.9,76322.42,35317.32063,-0.7760666666666666,6.0,-0.22189642857142852,0.013920833333333327,0.16304069047619046,-0.036545314426559464,0.026382463424968035,0.03621613082802316,0.030946777360741203,0.020773361736948805,0.11301384311451357,0.2448659253729113,0.39998168297074455
2025-04-09,BTC,76322.42,83588.0,74620.0,82615.22,75488.28772,0.21234999999999998,8.0,-0.20240714285714284,0.02736964285714285,0.15365569047619046,0.0792271898213657,0.03412507593794901,0.03524545849456297,0.025452878746660846,0.022320745323165574,0.031035685676319646,0.14091350237885947,0.3520052358391106
2025-04-10,BTC,82615.22,82753.21,78464.36,79607.3,33284.80718,0.589175,8.0,-0.08209166666666665,0.1327392857142857,0.16906485714285713,-0.03708812786599812,0.034786075465908846,0.0352640646109696,0.021994841020787415,0.025224148998238258,0.09934930590536295,0.21706351050720207,0.34809621730670437
2025-04-11,BTC,79607.3,84300.0,78969.58,83423.84,34435.43797,-0.46745,4.0,-0.057884523809523795,0.03505714285714285,0.14129033333333335,0.04682832264786211,0.03761809519077909,0.03928043231253743,0.02073362131591994,,0.12307321264521032,0.14902910247238688,
2025-04-13,BTC,85276.91,86100.0,83034.23,83760.0,24680.04181,-0.6495,4.0,-0.2149630952380952,-0.0792,0.09144922222222222,0.004021446726339728,0.0376224413876407,0.03912724629579934,0.0218862689817495,,0.12987917860553955,0.12556852913084993,
2025-04-14,BTC,83760.0,85799.99,83678.0,84591.58,28659.09348,0.17379999999999998,4.0,-0.2569130952380952,-0.0667857142857143,0.09698922222222221,0.009879167909975919,0.03673784000490577,0.03341506947337666,0.021902536059102858,,0.11864561461081591,0.11989491152665543,
2025-04-16,BTC,83643.99,85500.0,83111.64,84030.38,20867.24519,0.289025,8.0,-0.08980952380952378,-0.0932625,0.10341338888888889,-0.006656334347901147,0.036127485314093453,0.03395790292467695,0.021845289490324514,,0.11565959835002526,0.15470738083059943,
2025-04-17,BTC,84030.38,85470.01,83736.26,84947.91,13728.84772,0.7995,4.0,0.13527142857142857,-0.04331250000000001,0.11981449999999999,0.010859844983458261,0.03621613082802316,0.030946777360741203,0.02589225155929896,,0.1184640092969913,0.2155872934366485,
2025-04-20,BTC,85077.0,85320.76,83949.52,85179.24,8091.67725,0.4168,2.0,0.16447857142857145,-0.018964285714285715,0.10288783333333333,0.0027194970652232864,0.03524545849456297,0.025452878746660846,0.026117777715267437,,0.10657033333474208,0.20888599146928288,
2025-04-21,BTC,85179.24,88465.99,85144.76,87516.23,31773.37262,-0.294275,16.0,0.038271428571428574,-0.02191011904761905,0.10141199999999999,0.027066519704468342,0.0352640646109696,0.021994841020787415,0.025863455445606788,,0.10707625317041192,0.19760106211156492,
2025-04-23,BTC,93442.99,94696.05,91935.41,93691.08,27404.16808,-0.9563,2.0,-0.031564285714285725,-0.044724404761904764,0.08709199999999999,0.06817872539667252,0.03928043231253743,0.02073362131591994,0.02078943347709855,,0.02311148510615957,0.1112904238055532,
2025-04-25,BTC,93980.47,95758.04,92855.96,94638.68,27500.66648,0.9097,2.0,0.19117857142857142,-0.011892261904761907,0.08532199999999998,0.010063284707813269,0.03912724629579934,0.0218862689817495,0.021464443093761772,,-0.0038151419694357758,0.08614490396527108,
2025-04-26,BTC,94638.68,95199.0,93870.69,94628.0,9415.06875,-0.9186,2.0,0.03512142857142856,-0.11089583333333333,0.05744088888888888,-0.00011285663183106742,0.03341506947337666,0.021902536059102858,0.021461111014247247,,0.0011167941835397155,0.10013653464090977,
2025-04-27,BTC,94628.0,95369.0,93602.58,93749.3,11162.841,0.9098,2.0,0.12380357142857143,0.016997023809523813,0.0837288888888889,-0.009329217194183042,0.03395790292467695,0.021845289490324514,0.02129400043854051,,0.03499972799796902,0.10362317371969709,
2025-04-28,BTC,93749.29,95630.0,92800.01,95011.18,22157.53351,0.8481,2.0,0.13074642857142857,0.13300892857142857,0.07955888888888889,0.013370370730845774,0.030946777360741203,0.02589225155929896,0.021377721343582998,,0.08683630705354894,0.08541594789160611,
2025-04-29,BTC,95011.18,95461.53,93742.54,94256.82,16955.3402,0.5932,4.0,0.15594642857142854,0.1602125,0.08834055555555556,-0.007971384433910092,0.025452878746660846,0.026117777715267437,0.021463869764853115,,0.09246195659900258,0.12006473377735416,
2025-05-02,BTC,96489.9,97895.68,96350.0,96887.14,14905.74811,-0.25704,10.0,0.1612657142857143,0.09976857142857141,0.07977255555555554,0.02752361149821968,0.021994841020787415,0.025863455445606788,0.020773361736948805,,0.08176926266994777,0.10282943639372588,
2025-05-03,BTC,96887.13,96935.67,95753.01,95856.42,9723.34838,0.74695,12.0,0.40458714285714287,0.18651142857142858,0.10386866666666666,-0.01069534904680462,0.02073362131591994,0.02078943347709855,0.022320745323165574,,0.08618702847446214,0.16524495698879638,
2025-05-04,BTC,95856.42,96304.48,94151.38,94277.62,11036.38342,0.4694,4.0,0.34168714285714286,0.2664328571428571,0.1490486666666667,-0.016607613109211234,0.0218862689817495,0.021464443093761772,0.025224148998238258,,0.09030457069238707,0.13832211716842235,
2025-05-05,BTC,94277.61,95199.0,93514.1,94733.68,17251.18189,0.6597,2.0,0.5671585714285714,0.3011399999999999,0.14103533333333335,0.004825752587870044,0.021902536059102858,0.021461111014247247,,,0.09890927914971748,,
2025-05-07,BTC,96834.02,97732.0,95784.61,97030.5,16644.83854,-0.32985,4.0,0.3900657142857143,0.25693464285714285,0.09837033333333332,0.023955775686393833,0.021845289490324514,0.02129400043854051,,,0.06630286353260062,,
2025-05-08,BTC,97030.5,104145.76,96876.29,103261.6,34962.02847,0.6508272727272728,22.0,0.3618838961038961,0.24631516233766232,0.12006457575757577,0.06224021212940302,0.02589225155929896,0.021377721343582998,,,-0.0013068749661055978,,
2025-05-09,BTC,103261.61,104361.3,102315.14,102971.99,27617.39907,0.98095,4.0,0.41727675324675323,0.2866115909090909,0.1307729090909091,-0.002808564699583071,0.026117777715267437,0.021463869764853115,,,0.02526657977572344,,
2025-05-10,BTC,102971.99,104984.57,102818.76,104809.53,15324.78611,0.9194999999999999,6.0,0.5853538961038961,0.3733098051948052,0.15808290909090908,0.017687693367897713,0.025863455445606788,0.020773361736948805,,,0.019468267818775642,,
2025-05-11,BTC,104809.53,104972.0,103345.06,104118.0,17987.12197,0.29359999999999997,10.0,0.5205896103896104,0.4625883766233766,0.16533874242424243,-0.0066198315306769204,0.02078943347709855,0.022320745323165574,,,0.07278482106840323,,
2025-05-12,BTC,104118.0,105819.45,100718.37,102791.32,31272.77792,0.802,2.0,0.5681038961038961,0.45489551948051943,0.20050652020202017,-0.012823957677924932,0.021464443093761772,0.025224148998238258,,,0.04404048902183555,,
2025-05-13,BTC,102791.32,104976.25,101429.7,104103.72,21253.42409,0.5561333333333334,6.0,0.553308658008658,0.5602336147186148,0.24027429797979796,0.012686796194268246,0.021461111014247247,,,,,,
2025-05-16,BTC,103763.71,104550.33,103100.49,103463.9,15683.88024,-0.9595,2.0,0.463358658008658,0.42671218614718615,0.19328929797979796,-0.006164950260044581,0.02129400043854051,,,,,,
2025-05-17,BTC,103463.9,103709.86,102612.5,103126.65,11250.89622,0.45424999999999993,4.0,0.4352761904761904,0.3985800432900433,0.19284929797979797,-0.0032649150658740724,0.021377721343582998,,,,,,
2025-05-19,BTC,106454.27,107108.62,102000.0,105573.74,30260.03524,0.0,2.0,0.2951404761904762,0.3562086147186147,0.22220596464646464,0.0234518215783242,0.021463869764853115,,,,,,
2025-05-20,BTC,105573.73,107320.0,104184.72,106849.99,23705.48275,0.83125,4.0,0.28253333333333336,0.43394361471861476,0.2757831868686869,0.012016222070838009,0.020773361736948805,,,,,,
2025-05-22,BTC,109643.99,111980.0,109177.37,111696.21,31630.77313,0.9001,2.0,0.3691761904761905,0.44488290043290046,0.2987081868686869,0.044356887153406806,0.022320745323165574,,,,,,
2025-05-23,BTC,111696.22,111800.0,106800.0,107318.3,31737.72309,0.9578500000000001,4.0,0.3914404761904762,0.47977218614718614,0.31099735353535357,-0.03998359037453153,0.025224148998238258,,,,,,
2025-02-13,ETH,2738.27,2757.28,2612.76,2675.87,443769.2853,0.68428,10.0,0.5149352380952381,0.5626060119047619,0.5895484880952381,,,,0.03249622272589555,0.021432570314319156,-0.0048096506930456195,-0.16229487979610357,-0.25121175542907537
2025-02-14,ETH,2675.87,2791.78,2664.46,2725.95,419895.7862,0.22843333333333338,18.0,0.4819757142857143,0.5342869642857143,0.5726595992063491,0.01854243009741044,,,0.032283416729325914,0.03236333040820411,-0.07792879546580089,-0.2143656339991562,-0.3293787486931161
2025-02-15,ETH,2725.95,2739.0,2662.28,2693.04,202971.4295,-0.43779999999999997,4.0,0.3514542857142858,0.44742267857142853,0.5341218214285715,-0.012146324170659471,,,0.04559826360672609,0.031491255276424705,-0.07327778272881214,-0.3074369485785581,-0.3287362980126548
2025-02-17,ETH,2661.41,2849.7,2637.71,2744.05,639739.8197,0.24355000000000002,4.0,0.2589757142857143,0.39920482142857144,0.5102168214285714,0.01876426422938848,,,0.04661373690901336,0.03068652281745249,-0.1590094932672511,-0.29905431752336875,-0.3358612270184581
2025-02-18,ETH,2744.05,2756.93,2605.44,2671.99,604863.8737,0.0,2.0,0.17584714285714284,0.3918691071428571,0.48255348809523807,-0.026611418119546062,,,0.04663800903751556,0.033041326917424285,-0.16257545874048918,-0.30217178956508073,-0.2870557150288735
2025-02-19,ETH,2672.0,2736.7,2656.03,2715.5,326154.0202,0.7193499999999999,4.0,0.2657542857142857,0.3832798214285714,0.4981984880952381,0.01615258534033704,,,0.04729786030776771,0.03609890486092851,-0.1834321487755478,-0.2960228318909961,-0.3388989136438961
2025-02-20,ETH,2715.51,2770.59,2707.18,2738.04,336735.2544,0.3547,12.0,0.2560733333333333,0.3688012500000001,0.48366848809523805,0.008266237470579285,,,0.04647969891919854,0.03634326143635835,-0.2151283399804239,-0.31082087916904066,-0.3363026106265796
2025-02-21,ETH,2738.04,2845.32,2616.72,2663.0,890440.0604,-0.7003,2.0,0.058276190476190495,0.2866057142857143,0.4320551547619048,-0.027789029131547016,,0.03249622272589555,0.048153961963037784,0.03527086168667113,-0.15824633871573413,-0.27663912880210295,-0.31773563650018777
2025-02-24,ETH,2819.7,2839.95,2470.33,2513.52,876876.3707,-0.0794,8.0,0.014299999999999998,0.24813785714285713,0.4093465833333333,-0.057769145680932214,,0.032283416729325914,0.047516243181528216,0.035261277770027404,-0.14796779019064898,-0.23153983258537825,-0.2814817467137719
2025-02-25,ETH,2513.52,2533.49,2313.49,2495.7,1322016.8718,0.034099999999999984,6.0,0.08171428571428571,0.2165842857142857,0.38513325,-0.007114910175048293,,0.04559826360672609,0.048992482435343536,0.048620993072048035,-0.2526746003125375,-0.2051168008975437,-0.36660656328885677
2025-02-27,ETH,2336.38,2381.6,2230.57,2307.72,637583.9106,-0.9724,2.0,-0.09199285714285717,0.08349142857142858,0.3313099166666667,-0.07830922684719549,,0.04661373690901336,0.04564180310290788,0.04790936464273262,-0.16652366838264598,-0.14818522177733862,-0.3270240757110914
2025-02-28,ETH,2307.72,2314.18,2076.26,2237.59,1291539.0557,-0.2023,2.0,-0.12089285714285716,0.02747714285714285,0.3088865833333333,-0.0308606303070003,,0.04663800903751556,0.04554058015534382,0.04592068258373089,-0.16669720547553402,-0.1148110243610313,-0.34151922380775745
2025-03-01,ETH,2237.59,2281.14,2142.73,2217.39,446430.7271,-0.297,6.0,-0.2660857142857143,-0.00016571428571428886,0.2979499166666667,-0.009068565261909826,,0.04729786030776771,0.045897404782906444,0.06092088664687391,-0.1378828262055839,-0.0953373109827319,-0.24708328259800938
2025-03-03,ETH,2518.12,2523.56,2097.91,2149.01,1109565.2003,-0.9766,2.0,-0.45627142857142855,-0.10009904761904763,0.24947058333333333,-0.0313235575830332,,0.04647969891919854,0.04674203910602973,0.06221901353584706,-0.12192125676474297,-0.031554064429667794,-0.2708968315643018
2025-03-05,ETH,2171.5,2273.51,2155.03,2241.59,687130.7897,-0.128,2.0,-0.3745142857142857,-0.15811904761904763,0.23285391666666666,0.04217816451476424,0.03249622272589555,0.048153961963037784,0.04495751332305147,0.06460990777969255,-0.1406501635000157,-0.0782658737770957,-0.26651171712935906
2025-03-07,ETH,2202.21,2258.47,2101.82,2141.6,782387.2606,0.0,2.0,-0.3631714285714286,-0.17443571428571428,0.22144391666666668,-0.045632222267434366,0.032283416729325914,0.047516243181528216,0.04398456063922997,0.06087489367588684,-0.09808554351886434,-0.06167351512887553,-0.2539409787075084
2025-03-10,ETH,2020.43,2152.4,1810.01,1865.1,1248745.3514,0.02955000000000002,4.0,-0.3638214285714286,-0.14105357142857142,0.18974558333333333,-0.13823854226274127,0.04559826360672609,0.048992482435343536,0.021432570314319156,0.06125788419081434,0.06363733848051045,0.07429092273872717,-0.12939252586992656
2025-03-11,ETH,1865.11,1963.2,1754.28,1923.43,1171427.9995,-0.979,2.0,-0.3647642857142857,-0.22837857142857146,0.13628225,0.030795379592982407,0.04661373690901336,0.04564180310290788,0.03236333040820411,0.06132919620504749,0.02200236036663661,-0.049572898415850886,-0.18003774507000514
2025-03-13,ETH,1908.2,1923.09,1821.81,1864.59,569537.2622,0.20090000000000002,4.0,-0.3071642857142857,-0.21402857142857143,0.11703558333333333,-0.031068860768725393,0.04663800903751556,0.04554058015534382,0.031491255276424705,0.059488301233911654,0.06226569916174607,-0.0304892764629221,-0.1506872824588784
2025-03-14,ETH,1864.59,1945.64,1861.31,1911.65,375805.7355,0.0,2.0,-0.26473571428571424,-0.2654107142857143,0.08641558333333334,0.02492555369388252,0.04729786030776771,0.045897404782906444,0.03068652281745249,0.05808722427849763,0.04935003792535242,-0.04667172338032588,-0.1689901394083646
2025-03-16,ETH,1937.18,1940.87,1860.38,1887.0,324766.6564,-0.9635,2.0,-0.26286428571428566,-0.35956785714285716,0.05087558333333334,-0.012978477092990551,0.04647969891919854,0.04674203910602973,0.033041326917424285,0.058182859963128594,0.10291467938526755,0.009528351881292974,-0.14506094329623742
2025-03-17,ETH,1887.01,1952.4,1879.98,1926.31,334840.4877,0.08386666666666669,6.0,-0.23259761904761903,-0.3035559523809524,0.025684472222222223,0.020617989385469538,0.048153961963037784,0.04495751332305147,0.03609890486092851,0.05822166120236101,0.0725947537000795,-0.06805239032139165,-0.18000218033442184
2025-03-18,ETH,1926.3,1936.2,1872.31,1931.54,332896.0155,0.1446,4.0,-0.21194047619047618,-0.2875559523809524,0.011924472222222227,0.002711356431177048,0.047516243181528216,0.04398456063922997,0.03634326143635835,0.06599397658771407,0.04037193120515248,-0.059180757323172184,-0.09074624392971409
2025-03-20,ETH,2056.05,2067.9,1952.17,1983.79,401518.9282,0.9564999999999999,4.0,-0.07951904761904761,-0.22167023809523806,0.028793222222222227,0.02669154428326245,0.048992482435343536,0.021432570314319156,0.03527086168667113,0.05424341862596822,0.010016181148206238,-0.084141970672299,-0.09513103705533354
2025-03-21,ETH,1983.79,1996.73,1937.1,1965.75,262641.659,0.7041000000000001,6.0,0.16092380952380955,-0.10192023809523808,0.036958222222222226,-0.009135304596834008,0.04564180310290788,0.03236333040820411,0.035261277770027404,0.054120826856900305,-0.07003433803891645,-0.08126160498537449,-0.09975836194836574
2025-03-22,ETH,1965.74,2006.61,1964.34,1980.69,170782.9574,0.7506,2.0,0.23945238095238097,-0.03385595238095236,0.04611655555555556,0.007571416958698752,0.04554058015534382,0.031491255276424705,0.048620993072048035,0.05112073801463153,-0.0873180558290293,-0.20191448434636416,-0.09900085323801311
2025-03-23,ETH,1980.68,2020.74,1976.81,2005.99,268707.5233,0.5671,6.0,0.32046666666666673,0.027865476190476208,0.035323222222222235,0.012692435634265985,0.045897404782906444,0.03068652281745249,0.04790936464273262,0.039848871660014724,-0.09150593971056686,-0.22579873279527818,-0.10702944680681359
2025-03-24,ETH,2005.99,2104.11,1977.67,2081.2,477912.8154,0.93,2.0,0.5909666666666666,0.16405119047619052,0.04692655555555557,0.03680694595155828,0.04674203910602973,0.033041326917424285,0.04592068258373089,0.03466249475097536,-0.08467230443974616,-0.29203824716509696,-0.1351720161445319
2025-03-25,ETH,2081.2,2097.7,2037.08,2066.15,328765.3292,0.5425,6.0,0.6564857142857143,0.21194404761904764,0.06200988888888889,-0.007257678306284416,0.04495751332305147,0.03609890486092851,0.06092088664687391,0.03293713861254157,-0.13112794327614163,-0.19197057328848344,-0.12987440408489226
2025-03-26,ETH,2066.16,2079.21,1981.6,2009.52,428975.3286,0.33927142857142856,14.0,0.6842959183673469,0.2361777210884354,0.059236714285714295,-0.02779108454557782,0.04398456063922997,0.03634326143635835,0.06221901353584706,0.03150501882954389,-0.09568951789482061,-0.22028643656196512,-0.10744356861340021
2025-03-27,ETH,2009.52,2037.38,1987.06,2003.66,360634.8383,0.8260333333333333,6.0,0.6656578231292517,0.293069387755102,0.0639618253968254,-0.0029203794321743964,0.021432570314319156,0.03527086168667113,0.06460990777969255,0.031744346448667804,-0.09322439934919102,-0.17941167663176383,-0.08262379844883871
2025-03-29,ETH,1896.9,1913.6,1797.2,1828.08,409769.7555,-0.8807,2.0,0.4392578231292517,0.3000908163265306,0.026990714285714295,-0.09170927239946941,0.03236333040820411,0.035261277770027404,0.06087489367588684,0.02991060733271601,-0.012072775808498526,-0.12599010984201997,0.007723950811780789
2025-03-30,ETH,1828.09,1849.01,1767.69,1807.74,327843.4476,-0.7757,2.0,0.22121496598639462,0.23033367346938777,0.015727380952380958,-0.01118878943123005,0.031491255276424705,0.048620993072048035,0.06125788419081434,0.030161257209051523,-0.12556009160609383,-0.10176795335612421,0.014260900350714145
2025-03-31,ETH,1807.74,1854.22,1776.75,1822.43,497854.9052,0.9907,2.0,0.2817292517006803,0.3010979591836735,0.04063238095238096,0.00809332906461524,0.03068652281745249,0.04790936464273262,0.06132919620504749,0.030795726150378965,-0.14781912062466052,-0.13459501873871693,-0.00744610218225128
2025-04-01,ETH,1822.43,1927.9,1817.88,1904.98,452989.0974,0.0010499999999999954,4.0,0.14902210884353745,0.369994387755102,0.040667380952380955,0.04430073445199792,0.033041326917424285,0.04592068258373089,0.059488301233911654,0.03075265597858132,-0.22654831021848,-0.16869468445862956,-0.04450965364465764
2025-04-02,ETH,1904.98,1957.0,1781.53,1795.22,750840.7823,0.044366666666666665,12.0,0.07786020408163266,0.3671729591836735,0.018167936507936515,-0.059343932731742675,0.03609890486092851,0.06092088664687391,0.05808722427849763,0.029731359395453995,-0.07002484375174078,-0.11509452880426918,0.012132217778322518
2025-04-03,ETH,1795.21,1845.26,1750.0,1817.23,508075.018,-0.41125,4.0,-0.029357142857142842,0.32746938775510204,-0.007363730158730153,0.012185786577508531,0.03634326143635835,0.06221901353584706,0.058182859963128594,0.011065826141245197,-0.13778112842072832,-0.11223675594173554,-0.003367763023943149
2025-04-04,ETH,1817.23,1835.68,1758.72,1816.87,572734.4702,0.2346166666666667,12.0,-0.11384523809523807,0.2759062925170068,0.023800158730158737,-0.00019812333242212469,0.03527086168667113,0.06460990777969255,0.05822166120236101,0.053551436729161586,-0.09504807718769082,-0.130609234562737,0.2149410799892122
2025-04-05,ETH,1816.88,1827.29,1764.39,1806.01,201716.2696,-0.9468,2.0,-0.12328809523809521,0.15798486394557826,-0.0051131746031745934,-0.005995248271208042,0.035261277770027404,0.06087489367588684,0.06599397658771407,0.05415747589027651,-0.11530943903965096,-0.027546912807791757,0.29846457107103497
2025-04-06,ETH,1806.02,1817.0,1537.5,1580.76,979847.0958,-0.8255,4.0,-0.13040238095238094,0.0454062925170068,-0.03376650793650793,-0.13321424803042528,0.048620993072048035,0.06125788419081434,0.05424341862596822,0.05771778332077513,0.027208431387433896,0.13557402768288673,0.6341696399200385
2025-04-07,ETH,1580.77,1639.0,1411.01,1553.04,2168796.0067,0.09534999999999999,4.0,-0.25830952380952377,0.011709863945578233,0.0018251587301587398,-0.01769144361261582,0.04790936464273262,0.06132919620504749,0.054120826856900305,0.05920818600756936,0.015517951887910275,0.13947483644980174,0.6191276464225006
2025-04-08,ETH,1553.04,1618.67,1441.3,1473.41,891846.1327,0.3062,4.0,-0.21471666666666664,-0.03284727891156463,0.01877515873015874,-0.05263485816822717,0.04592068258373089,0.059488301233911654,0.05112073801463153,0.059613112746570336,0.0747992751508404,0.21120394187632763,0.6936697864138288
2025-04-09,ETH,1473.41,1689.0,1385.05,1669.51,1968530.9138,0.40146,10.0,-0.1637033333333333,-0.04292156462585033,0.042057158730158736,0.12495072793418767,0.06092088664687391,0.05808722427849763,0.039848871660014724,0.0604585063308265,-0.048463321573395834,0.0729435582895579,0.6050877203490845
2025-04-11,ETH,1522.24,1591.47,1504.63,1566.85,578484.3183,0.886,2.0,0.021618095238095263,-0.003869523809523799,0.10414382539682542,-0.06346293572290046,0.06221901353584706,0.058182859963128594,0.03466249475097536,0.061735335888177804,0.029626320324217525,0.14872514918466995,0.6655965791237195
2025-04-12,ETH,1566.85,1669.59,1546.06,1644.18,501867.9033,0.9118,2.0,0.11835857142857145,0.0022566666666666846,0.13880382539682543,0.04817454521355104,0.06460990777969255,0.05822166120236101,0.03293713861254157,0.06319768292106048,-0.03929618411609437,0.09343867459767163,0.5501283314478951
2025-04-13,ETH,1644.19,1649.75,1562.01,1597.76,580136.6145,0.6124,2.0,0.3411014285714286,0.1089066666666667,0.15921715873015876,-0.028639131361487033,0.06087489367588684,0.06599397658771407,0.03150501882954389,0.06339741576062706,0.09920138193470862,0.12257785900260365,0.5879230923292609
2025-04-14,ETH,1597.76,1691.5,1595.56,1623.77,645930.1419,0.22190000000000004,10.0,0.49073000000000006,0.18016380952380956,0.1656288253968254,0.016147957763760806,0.06125788419081434,0.05424341862596822,0.031744346448667804,0.06428780498191991,0.1054952363943169,0.13200145340781022,0.524279916490636
2025-04-16,ETH,1588.77,1613.66,1538.07,1577.14,611387.8686,0.7783,2.0,0.5882942857142857,0.16499238095238097,0.22420549206349208,-0.02913752589607601,0.06132919620504749,0.054120826856900305,0.02991060733271601,0.06362121505562075,0.122062721128118,0.1680637102603446,0.5837401879351232
2025-04-17,ETH,1577.15,1616.96,1563.2,1583.62,449870.3628,-0.8807,2.0,0.41873714285714286,0.10201023809523813,0.18815215873015875,0.0041002854241772085,0.059488301233911654,0.05112073801463153,0.030161257209051523,0.06352164810041483,0.12691175913413577,0.1578030082974451,0.5964309619732007
2025-04-18,ETH,1583.63,1600.64,1573.54,1588.6,200409.0359,0.7664333333333334,6.0,0.4708761904761905,0.1535864285714286,0.21369993650793653,0.003139759594925102,0.05808722427849763,0.039848871660014724,0.030795726150378965,0.06351585090264944,0.12759033110915285,0.13865038398589946,0.5889399471232533
2025-04-19,ETH,1588.6,1631.81,1585.01,1613.27,223096.3899,-0.254925,8.0,0.3078869047619048,0.16475250000000002,0.2373191031746032,0.015410049874644342,0.058182859963128594,0.03466249475097536,0.03075265597858132,0.06317518058361414,0.11567189621080165,0.12826123339552598,0.5812542227897375
2025-04-21,ETH,1587.36,1658.75,1564.07,1579.57,691486.6667,0.8766666666666666,6.0,0.30286785714285713,0.21061321428571428,0.26374576984126985,-0.021110516991446122,0.05822166120236101,0.03293713861254157,0.029731359395453995,0.039128298369480834,0.13816418392347285,0.15031305988338595,0.599485936045886
2025-04-22,ETH,1579.57,1778.0,1537.26,1756.26,1103036.9586,0.426875,16.0,0.2763642857142857,0.30873285714285714,0.27315493650793654,0.10603388993379359,0.06599397658771407,0.03150501882954389,0.011065826141245197,,0.02126678282258876,0.03123113889742979,
2025-04-23,ETH,1756.25,1834.86,1744.95,1795.07,887545.6316,0.32194,10.0,0.29065571428571424,0.3906928571428571,0.2520029365079365,0.021857470360468853,0.05424341862596822,0.031744346448667804,0.053551436729161586,,0.02397678084977195,0.22969577788052842,
2025-04-24,ETH,1795.08,1802.82,1722.9,1769.65,483465.0385,0.19619999999999999,8.0,0.2074985714285714,0.39789642857142854,0.23507293650793654,-0.014262231474765616,0.054120826856900305,0.02991060733271601,0.05415747589027651,,0.04099680727827537,0.3251433899358629,
2025-04-25,ETH,1769.64,1827.32,1738.6,1784.6,595610.8894,0.8708999999999999,6.0,0.45772714285714283,0.4382321428571428,0.2390829365079365,0.008412513564324264,0.05112073801463153,0.030161257209051523,0.05771778332077513,,0.02741230527849381,0.44751204751765106,
2025-04-27,ETH,1820.87,1857.47,1781.9,1791.29,340332.6435,0.4799333333333333,6.0,0.4167985714285714,0.443837380952381,0.23617738095238094,0.0037417302016013033,0.039848871660014724,0.030795726150378965,0.05920818600756936,,0.009808573709449542,0.4037760496625338,
2025-04-28,ETH,1791.29,1827.98,1744.71,1799.88,587269.743,0.6714,8.0,0.5491307142857142,0.42850880952380954,0.22755738095238096,0.004783965327616204,0.03466249475097536,0.03075265597858132,0.059613112746570336,,0.01128408560570704,0.38646465319910206,
2025-04-29,ETH,1799.88,1842.99,1780.47,1797.81,480456.3884,0.32165,8.0,0.469842619047619,0.3863552380952381,0.2201957142857143,-0.0011507385174512378,0.03293713861254157,0.029731359395453995,0.0604585063308265,,0.01067409793025953,0.4905412696558591,
2025-04-30,ETH,1797.81,1816.8,1731.7,1793.61,473523.9877,0.9784,2.0,0.5486319047619047,0.4124980952380953,0.2415,-0.002338908796338469,0.03150501882954389,0.011065826141245197,0.061735335888177804,,0.00975685907192747,0.45502087967841387,
2025-05-01,ETH,1793.62,1873.17,1792.52,1838.11,537198.7291,0.2353,8.0,0.5362547619047618,0.4134552380952381,0.22180888888888892,0.02450752110385425,0.031744346448667804,0.053551436729161586,0.06319768292106048,,0.20090201348123893,0.3865818694202199,
2025-05-02,ETH,1838.1,1871.0,1813.0,1842.2,410667.875,0.71945,4.0,0.6110047619047619,0.4092516666666666,0.27514722222222227,0.0022226397688022595,0.02991060733271601,0.05415747589027651,0.06339741576062706,,0.27295624796439033,0.37722288568016493,
2025-05-03,ETH,1842.2,1848.6,1810.0,1833.52,213751.5979,0.8105,2.0,0.6023761904761906,0.5300516666666667,0.3280205555555556,-0.0047228930029837345,0.030161257209051523,0.05771778332077513,0.06428780498191991,,0.4088910947249007,0.349906191369606,
2025-05-04,ETH,1833.52,1849.95,1803.0,1808.86,238254.3564,0.8807,2.0,0.6596285714285715,0.5382135714285715,0.32435388888888894,-0.013540803974340185,0.030795726150378965,0.05920818600756936,0.06362121505562075,,0.3901407516336257,0.3808586623619299,
2025-05-05,ETH,1808.86,1833.55,1781.85,1820.19,342341.0078,0.11581999999999999,10.0,0.58026,0.5646953571428571,0.32817955555555556,0.006244078649583546,0.03075265597858132,0.059613112746570336,0.06352164810041483,,0.370994236865382,0.388942912553085,
2025-05-06,ETH,1820.19,1820.9,1752.0,1817.0,384584.2451,0.1861,4.0,0.5608957142857143,0.5153691666666667,0.332904,-0.0017541018302236297,0.029731359395453995,0.0604585063308265,0.06351585090264944,,0.474799119427628,0.3892074848651623,
2025-05-07,ETH,1817.0,1850.0,1787.01,1811.11,456170.0705,0.52352,10.0,0.49591285714285716,0.5222723809523809,0.364063,-0.003246872434657581,0.011065826141245197,0.061735335888177804,0.06317518058361414,,0.4409616202218529,0.4085229500140797,
2025-05-08,ETH,1811.11,2226.0,1808.71,2207.39,1473152.686,0.8265571428571429,14.0,0.5803781632653061,0.5583164625850341,0.3837943492063492,0.1978709051504642,0.053551436729161586,0.06319768292106048,0.039128298369480834,,0.15461699110714466,0.14456439505479324,
2025-05-09,ETH,2207.39,2490.77,2184.33,2345.04,1667041.0382,0.6190125,16.0,0.5660299489795918,0.5885173554421769,0.43598809920634923,0.060491637192219526,0.05415747589027651,0.06339741576062706,,,0.08190905059188758,,
2025-05-10,ETH,2345.04,2600.0,2317.0,2583.23,979350.1606,0.5966166666666667,12.0,0.53547518707483,0.5689256887755102,0.4833919880952381,0.09673809457506417,0.05771778332077513,0.06428780498191991,,,-0.041866190776663315,,
2025-05-11,ETH,2583.22,2608.13,2435.51,2514.57,831584.3888,0.48705999999999994,10.0,0.4792409013605442,0.5694347363945578,0.49644898809523813,-0.02693873911823869,0.05920818600756936,0.06362121505562075,,,-0.00667708594312344,,
2025-05-12,ETH,2514.58,2624.0,2406.63,2495.47,1068680.9433,0.75905,8.0,0.5711309013605442,0.5756954506802722,0.511543988095238,-0.007624726562569798,0.059613112746570336,0.06352164810041483,,,0.013091722200627487,,
2025-05-13,ETH,2495.48,2738.5,2415.3,2679.71,1031355.6465,0.32887500000000003,16.0,0.5915273299319728,0.5762115221088436,0.5091244880952381,0.07123149149621383,0.0604585063308265,0.06351585090264944,,,-0.058036130775345085,,
2025-05-14,ETH,2679.71,2725.99,2547.26,2609.74,830047.1122,0.4307,22.0,0.5782673299319728,0.537090093537415,0.49394782142857147,-0.02645798019825446,0.061735335888177804,0.06317518058361414,,,-0.022511821100952623,,
2025-05-15,ETH,2609.75,2647.03,2476.03,2548.69,768954.0332,0.53872,10.0,0.5371477380952381,0.5587629506802722,0.48151182142857146,-0.023671097836287125,0.06319768292106048,0.039128298369480834,,,-0.008706433501131983,,
2025-05-16,ETH,2548.7,2649.31,2529.4,2537.12,605953.6919,0.07530000000000003,4.0,0.4594745238095238,0.5127522363945578,0.4636084880952381,-0.004549922218868295,0.06339741576062706,,,,,,
2025-05-17,ETH,2537.13,2538.16,2446.42,2475.08,494333.2782,0.6553,2.0,0.4678578571428571,0.5016665221088435,0.4780551547619048,-0.024756860728527823,0.06428780498191991,,,,,,
2025-05-18,ETH,2475.09,2587.61,2323.21,2497.78,810103.1851,-0.1027,2.0,0.38360642857142857,0.4314236649659864,0.44868848809523804,0.009129618637998178,0.06362121505562075,,,,,,
2025-05-19,ETH,2497.78,2547.36,2348.38,2528.14,861747.523,0.7545,4.0,0.3829564285714286,0.47704366496598644,0.5031951547619048,0.012081517129454255,0.06352164810041483,,,,,,
2025-05-20,ETH,2528.14,2588.63,2442.4,2524.19,676989.1747,0.6783833333333332,12.0,0.4328861904761904,0.5122067602040816,0.5002601547619048,-0.0015636353147152056,0.06351585090264944,,,,,,
2025-05-21,ETH,2524.19,2615.95,2452.2,2550.99,1095890.2902,0.419775,8.0,0.4313254761904762,0.5047964030612245,0.5227501547619048,0.010561299937301044,0.06317518058361414,,,,,,
2025-05-23,ETH,2664.83,2734.23,2498.3,2526.5,971442.4532,0.4694,4.0,0.421422619047619,0.47928517857142855,0.5091745992063492,-0.00964657337080446,0.039128298369480834,,,,,,
2025-02-14,SOL,194.24,205.34,194.11,199.39,3727686.063,0.6747666666666667,6.0,0.6585095238095239,0.48283095238095236,0.5091333333333333,,,,0.08514170780232141,0.07919404628314387,-0.256833341692161,-0.3212799037063041,-0.3509203069361553
2025-02-15,SOL,199.4,200.27,192.61,194.48,1633300.399,0.9628,2.0,0.7328380952380952,0.5404166666666667,0.5083733333333333,-0.024933375810940028,,,0.08553820735633581,0.07950890624135291,-0.26902509255450435,-0.3438914027149321,-0.3515528589058
2025-02-18,SOL,177.53,179.09,160.88,169.32,6319186.166,0.015199999999999991,6.0,0.6117952380952382,0.4850309523809524,0.48319500000000004,-0.13853891435514498,,,0.08000791947319791,0.08077609710426599,-0.1360737065910701,-0.24120009449562962,-0.20836286321757624
2025-02-19,SOL,169.32,174.3,163.75,168.93,3478319.262,0.599,6.0,0.6973666666666667,0.5775738095238095,0.48677833333333337,-0.0023059877180860036,,,0.080053291441386,0.07943004471485182,-0.2504587699046943,-0.23927070384182803,-0.18392233469484398
2025-02-21,SOL,176.0,180.52,167.15,168.94,4103682.857,0.8016,4.0,0.6832952380952381,0.5938119047619048,0.4801783333333333,5.919436471368439e-05,,,0.08115666125685189,0.07923721028742783,-0.26974073635610274,-0.2136853320705575,-0.19166568012312057
2025-02-23,SOL,172.07,173.07,166.42,167.94,1488310.759,0.86465,4.0,0.6682738095238095,0.5888547619047619,0.47941333333333336,-0.005936849543933407,,,0.08371030535095042,0.07191526430482081,-0.20483506014052644,-0.16035488865070868,-0.11402881981660118
2025-02-27,SOL,135.33,142.9,134.71,137.68,4322990.459,-0.7184,2.0,0.45708809523809524,0.47556190476190474,0.42319333333333337,-0.19867462085213308,,,0.0644622155211456,0.07179058606825911,-0.08970075537478217,0.04328878558977323,0.09747239976757682
2025-02-28,SOL,137.68,148.72,125.55,148.18,10039960.613,-0.5186000000000001,6.0,0.2866071428571428,0.4725583333333333,0.38256333333333337,0.07349559908522685,,0.08514170780232141,0.07145037986443187,0.07270106195242343,-0.08671885544607905,-0.15764610608719132,-0.009920367121068918
2025-03-03,SOL,178.72,179.47,139.21,142.16,11096202.04,0.4515,2.0,0.21356428571428568,0.47320119047619047,0.3701011111111111,-0.04147456714211507,,0.08553820735633581,0.07098398245551579,0.06900296094927409,-0.10241980866629152,-0.1239448508722566,0.01259144625773767
2025-03-05,SOL,144.8,149.73,140.18,146.28,4895520.585,0.0,2.0,0.2113928571428571,0.41159404761904766,0.3701011111111111,0.0285694094347845,,0.08000791947319791,0.0705722139902831,0.06847881825654645,-0.12168444079846874,-0.1340579710144928,0.0030079299972654017
2025-03-12,SOL,125.35,131.33,121.22,126.62,4410502.14,0.6124,2.0,0.21330714285714286,0.4553369047619048,0.3763794444444445,-0.14433211816519992,,0.080053291441386,0.062472903939215556,0.05092822425578937,0.014926551887537443,-0.07265834781235192,0.1600063181172009
2025-03-13,SOL,126.61,128.76,120.76,123.37,2824584.961,0.26335,4.0,0.1364142857142857,0.40985476190476194,0.35790277777777774,-0.026002505032607256,,0.08115666125685189,0.06352811715978668,0.04715218528685514,0.07676096295695878,-0.004701305017427271,0.33306314338980303
2025-03-14,SOL,123.36,136.03,122.98,133.54,3607725.492,0.6124,2.0,0.10037857142857143,0.3843261904761905,0.3881827777777778,0.0792130883463494,,0.08371030535095042,0.07028758070541534,0.04429777599171475,0.05593829564175534,-0.20690429833757673,0.2938445409615098
2025-03-18,SOL,128.01,128.19,121.76,125.33,3181789.699,0.9959,2.0,0.34527857142857143,0.40118333333333334,0.4143127777777778,-0.06345079980629177,,0.0644622155211456,0.07972053851423874,0.042053088427115436,0.1460943110189099,-0.03127742759115937,0.41937285566105476
2025-03-19,SOL,125.33,136.08,124.2,135.33,4170497.991,0.0,2.0,0.41936428571428574,0.3529857142857143,0.41193111111111114,0.07676598146498344,0.08514170780232141,0.07145037986443187,0.08041317440787654,0.044009399075988186,-0.07766201137959072,-0.022833074706273604,0.2797605852360894
2025-03-20,SOL,135.33,136.12,126.65,127.6,2593287.986,0.9644,2.0,0.49263571428571434,0.3531,0.4344461111111111,-0.05881586917772486,0.08553820735633581,0.07098398245551579,0.07918592638116012,0.042923785938105107,-0.023981191222570475,0.00611285266457684,0.4400470219435737
2025-03-21,SOL,127.6,130.18,124.81,128.48,2400422.348,-0.89,2.0,0.3654928571428572,0.2884428571428571,0.3925277777777778,0.0068728792877620504,0.08000791947319791,0.0705722139902831,0.07919404628314387,0.04512452876606092,-0.01408779576587782,0.007316313823163112,0.3748443337484433
2025-03-22,SOL,128.47,131.84,127.8,128.51,1498168.196,-0.2202,4.0,0.24655000000000002,0.22992857142857145,0.3799677777777778,0.00023347212059823054,0.080053291441386,0.062472903939215556,0.07950890624135291,0.04804113670154071,-0.08629678624231574,-0.01867558944829195,0.3163177962804451
2025-03-23,SOL,128.5,134.06,128.21,132.84,1763485.986,0.46405,4.0,0.2752214285714286,0.20581785714285714,0.3690827777777778,0.03313867418949608,0.08115666125685189,0.06352811715978668,0.08077609710426599,0.048079805686802306,-0.07565492321589884,0.009033423667569984,0.26016260162601634
2025-03-24,SOL,132.85,144.96,132.04,141.01,4554131.645,-0.35015,4.0,0.1377142857142857,0.11904642857142857,0.3806311111111111,0.059685413340592915,0.08371030535095042,0.07028758070541534,0.07943004471485182,0.04375027487841651,-0.24891851641727536,-0.022338841216934857,0.17679597191688545
2025-03-25,SOL,141.01,147.48,138.17,143.64,3529958.67,0.9371,2.0,0.12931428571428571,0.23729642857142857,0.3927255555555556,0.018479359508743253,0.0644622155211456,0.07972053851423874,0.07923721028742783,0.04369765850684067,-0.15476190476190466,-0.049289891395154495,0.16165413533834605
2025-03-30,SOL,124.58,127.08,123.0,124.82,1743775.296,0.5267,2.0,0.20455714285714285,0.31196071428571426,0.37914722222222225,-0.14043746985198513,0.07145037986443187,0.08041317440787654,0.07191526430482081,0.04574261328792326,0.05944560166639978,0.19203653260695397,0.4395128985739467
2025-03-31,SOL,124.83,127.81,122.75,124.54,3730628.853,0.5574,2.0,0.1464142857142857,0.319525,0.3688038888888889,-0.0022457500615909124,0.07098398245551579,0.07918592638116012,0.07179058606825911,0.046603785327106274,0.030833467159145478,0.21326481451742407,0.3972217761361809
2025-04-01,SOL,124.53,130.55,123.74,126.67,3554277.848,0.4842,4.0,0.3427285714285714,0.35411071428571433,0.40082888888888885,0.016958330051235104,0.0705722139902831,0.07919404628314387,0.07270106195242343,,0.02170995500118411,0.15820636299044777,
2025-04-02,SOL,126.68,136.21,117.0,117.42,6288908.68,0.765,2.0,0.4834714285714286,0.3650107142857143,0.4115788888888889,-0.07582802885950128,0.062472903939215556,0.07950890624135291,0.06900296094927409,,0.07400783512178499,0.22594106625787758,
2025-04-04,SOL,117.17,124.0,113.25,122.79,5721072.32,0.93955,4.0,0.5514,0.41331071428571425,0.4141472222222223,0.04471832853638153,0.06352811715978668,0.08077609710426599,0.06847881825654645,,0.09161983874908364,0.19488557700138442,
2025-04-06,SOL,120.33,121.13,103.81,105.91,4934346.985,0.9153,2.0,0.7321785714285715,0.43494642857142857,0.44465722222222226,-0.1478859023168435,0.07028758070541534,0.07943004471485182,0.05092822425578937,,0.301671230289869,0.3868378812199036,
2025-04-11,SOL,112.8,122.65,112.16,121.41,4344066.889,-0.6767,2.0,0.5016357142857143,0.31547500000000006,0.39209722222222226,0.1365835707003061,0.07972053851423874,0.07923721028742783,0.04715218528685514,,0.12478379046207078,0.354583642204102,
2025-04-12,SOL,121.41,134.11,119.41,132.24,4620265.855,0.802,2.0,0.5409642857142857,0.3727607142857143,0.38650388888888887,0.08544520595688501,0.08041317440787654,0.07191526430482081,0.04429777599171475,,0.12515124016938883,0.306563823351482,
2025-04-13,SOL,132.24,133.96,125.32,128.38,4054370.603,0.4939,2.0,0.5318928571428572,0.33915357142857144,0.3776372222222222,-0.029623837629136753,0.07918592638116012,0.07179058606825911,0.042053088427115436,,0.17697460663654785,0.3856519707119488,
2025-04-14,SOL,128.38,136.13,127.98,129.42,4150251.45,0.6799999999999999,4.0,0.5598642857142858,0.4512964285714286,0.3778116666666666,0.00806831374548794,0.07919404628314387,0.07270106195242343,0.044009399075988186,,0.1335960438881163,0.3382012053778396,
2025-04-15,SOL,129.41,134.45,125.82,126.11,3431482.497,0.9732,2.0,0.5896071428571429,0.5365392857142857,0.3781583333333333,-0.025908387661336827,0.07950890624135291,0.06900296094927409,0.042923785938105107,,0.14146380144318438,0.45706129569423526,
2025-04-18,SOL,134.84,136.02,132.47,134.04,2556341.874,-0.6124,2.0,0.3679,0.45965,0.3572383333333333,0.06098372090132651,0.08077609710426599,0.06847881825654645,0.04512452876606092,,0.09459862727544022,0.31781557743957034,
2025-04-20,SOL,139.86,141.96,135.64,137.86,3498098.615,0.7184,2.0,0.33977142857142856,0.535975,0.3612183333333333,0.02810041458839628,0.07943004471485182,0.05092822425578937,0.04804113670154071,,0.06542869577832566,0.2270419265921948,
2025-04-21,SOL,137.86,143.25,133.82,136.56,4657400.503,0.3753,10.0,0.49005714285714286,0.4958464285714285,0.34700833333333336,-0.009474598971320703,0.07923721028742783,0.04715218528685514,0.048079805686802306,,0.20430579964850626,0.2258347978910369,
2025-04-22,SOL,136.57,150.23,134.68,148.79,5078409.536,0.183775,8.0,0.4017392857142857,0.47135178571428576,0.32431249999999995,0.08577183735342071,0.07191526430482081,0.04429777599171475,0.04375027487841651,,0.16123395389475115,0.11526312252167492,
2025-04-23,SOL,148.78,154.21,147.13,151.1,4801378.47,0.339475,8.0,0.3796785714285714,0.4557857142857143,0.35957500000000003,0.015405953439087912,0.07179058606825911,0.042053088427115436,0.04369765850684067,,0.17729980145598945,0.10430178689609537,
2025-05-03,SOL,148.04,149.05,145.82,146.71,1406583.56,0.9371,2.0,0.41640714285714286,0.4881357142857143,0.40809833333333334,-0.029484020127141155,0.07270106195242343,0.044009399075988186,0.04574261328792326,,0.18049212732601716,0.22472905732397241,
2025-05-04,SOL,146.71,147.81,143.5,143.95,1613358.553,0.9607,2.0,0.4146214285714286,0.5021142857142857,0.4250716666666667,-0.01899183209336793,0.06900296094927409,0.042923785938105107,0.046603785327106274,,0.2764848905870094,0.20882250781521372,
2025-05-05,SOL,143.94,147.73,142.5,146.72,2030995.801,0.802,4.0,0.6166785714285715,0.4922892857142857,0.451805,0.019059991449969886,0.06847881825654645,0.04512452876606092,,,0.203925845147219,,
2025-05-06,SOL,146.72,147.23,141.41,146.88,2352310.935,0.9559,2.0,0.6506071428571429,0.4951892857142858,0.463255,0.0010899183640256005,0.05092822425578937,0.04804113670154071,,,0.15168845315904145,,
2025-05-08,SOL,147.32,164.6,147.08,164.46,6040622.618,0.8225,2.0,0.7144928571428572,0.602275,0.4818933333333334,0.11305145267056911,0.04715218528685514,0.048079805686802306,,,0.01787668734038661,,
2025-05-09,SOL,164.46,176.15,161.07,172.78,6318574.649,0.8205,2.0,0.8054535714285714,0.6035964285714286,0.48883,0.049351729387988735,0.04429777599171475,0.04375027487841651,,,-0.0395879152679709,,
2025-05-10,SOL,172.77,178.98,168.72,177.89,3339701.179,0.01579999999999998,4.0,0.7592142857142857,0.5694464285714286,0.45616,0.029146272806440294,0.042053088427115436,0.04369765850684067,,,-0.06200460959019605,,
2025-05-11,SOL,177.89,180.26,169.35,173.19,3210729.52,-0.94995,4.0,0.48963571428571434,0.4530214285714286,0.424495,-0.026776123996226437,0.044009399075988186,0.04574261328792326,,,0.03747329522489751,,
2025-05-13,SOL,174.22,184.83,166.18,183.75,4587043.398,0.3383333333333334,6.0,0.40072619047619046,0.40767380952380955,0.4036261111111112,0.05918688035199418,0.042923785938105107,0.046603785327106274,,,-0.053006802721088486,,
2025-05-14,SOL,183.75,184.88,173.23,176.64,3619155.253,0.22768000000000002,10.0,0.3186804761904762,0.4676795238095238,0.4408821111111111,-0.039462375004215657,0.04512452876606092,,,,,,
2025-05-15,SOL,176.63,178.33,166.7,169.16,3546037.724,0.3616,6.0,0.2337804761904762,0.4421938095238095,0.4602754444444444,-0.04326875048444258,0.04804113670154071,,,,,,
2025-05-16,SOL,169.16,174.21,166.36,167.4,2766386.671,0.9217,2.0,0.24795190476190476,0.48122238095238096,0.4755304444444445,-0.01045885454891279,0.048079805686802306,,,,,,
2025-05-17,SOL,167.4,169.99,164.01,165.94,2262121.706,0.8385,2.0,0.2505233333333333,0.5279884523809524,0.5151521111111111,-0.008759880819235797,0.04375027487841651,,,,,,
2025-05-19,SOL,173.3,173.94,159.44,166.86,4076352.744,0.507925,8.0,0.3208269047619048,0.5400205952380952,0.5008462777777778,0.005528860237789321,0.04369765850684067,,,,,,
2025-05-22,SOL,173.54,180.87,172.59,179.68,3608222.862,0.0,2.0,0.4565340476190477,0.47308488095238094,0.48328961111111113,0.07402235351620452,0.04574261328792326,,,,,,
2025-05-23,SOL,179.68,187.71,173.23,174.01,6112910.776,0.7003,2.0,0.5082435714285715,0.454484880952381,0.4880529444444444,-0.03206472216264619,0.046603785327106274,,,,,,
2025-02-12,XRP,2.413,2.4962,2.3323,2.4734,227957636.0,-0.32215,4.0,-0.042084285714285706,0.22194,0.27810616666666665,,,,0.12394102529995846,0.032264264218039455,0.041602652219616676,-0.04730330718848552,-0.11571116681491067
2025-02-13,XRP,2.4734,2.6061,2.4154,2.5599,212478703.0,0.9528,2.0,-0.03634142857142857,0.27294,0.33527283333333335,0.034374472902692084,,,0.12358382760541782,0.030830142447067405,-0.1412945818196023,-0.1039493730223836,-0.15817024102504007
2025-02-14,XRP,2.56,2.8356,2.53,2.7384,407541122.0,0.7386499999999999,12.0,0.17635857142857142,0.2641935714285714,0.3496678333333333,0.06740561300532674,,,0.12571190389246684,0.030710221689995838,0.07347356120362258,-0.06993134677183754,-0.22345165059888983
2025-02-15,XRP,2.7384,2.8335,2.713,2.7619,184181907.0,0.604075,8.0,0.272605,0.25409535714285714,0.34818533333333335,0.00854504044974045,,,0.12606488802992885,0.04069682079078097,-0.1356312683297729,-0.11796227234874535,-0.15739165067525973
2025-02-18,XRP,2.6599,2.6699,2.4693,2.5628,227170019.0,0.3556,8.0,0.4345907142857143,0.2442167857142857,0.330182,-0.07481843790084944,,,0.12463969644274421,0.04079331730536709,-0.1654830653972218,-0.04818948025597014,-0.08541439051037936
2025-02-19,XRP,2.5629,2.747,2.5121,2.7378,208222691.0,0.5196333333333333,6.0,0.5440154761904762,0.2934763095238095,0.3475031111111111,0.06605426739654528,,,0.12307152575402772,0.03935312750222198,-0.26159690262254376,-0.10508437431514361,-0.13543721236028927
2025-02-20,XRP,2.7378,2.749,2.6671,2.6877,161213675.0,0.4910333333333334,6.0,0.47709166666666664,0.30796619047619045,0.33871172222222223,-0.018468868889769407,,,0.12304737724875174,0.03322706401839753,-0.16184842058265436,-0.08873758231945539,-0.05350299512594414
2025-02-23,XRP,2.574,2.6016,2.5201,2.5763,91398009.0,0.8625,2.0,0.646327380952381,0.30212154761904764,0.36746172222222223,-0.042331548200965,,0.12394102529995846,0.12303123968483991,0.03289374970404824,-0.08535496642471763,-0.08807204129953794,0.0025618134534022285
2025-02-26,XRP,2.3222,2.3314,2.1507,2.1982,364125565.0,0.6221,4.0,0.5990845238095239,0.28137154761904765,0.36485505555555553,-0.1587154174358775,,0.12358382760541782,0.11798581970645447,0.040333864110921096,0.043490128286780116,-0.027067600764261623,0.08525156946592682
2025-03-02,XRP,2.1917,2.999,2.1735,2.9396,806955619.0,0.4939,2.0,0.564120238095238,0.37023940476190476,0.37959838888888886,0.2906346740199162,,0.12571190389246684,0.08281628208676403,0.040361232907608256,-0.13358960402775888,-0.2753435841611104,-0.17403728398421558
2025-03-03,XRP,2.9395,2.9676,2.2976,2.3873,770790136.0,0.3818,2.0,0.5323666666666667,0.4024858333333334,0.3633617222222222,-0.20811049744221027,,0.12606488802992885,0.06465220679802043,0.04086220986630994,0.020441502953126856,-0.0726343568047585,-0.002932182800653549
2025-03-09,XRP,2.3262,2.351,2.083,2.1387,276711052.0,0.0,2.0,0.4815666666666667,0.4580786904761905,0.33941505555555557,-0.10996485242081333,,0.12463969644274421,0.057246371786929796,0.04081856591832761,0.1405526721840369,0.030953382896151682,0.10183756487585915
2025-03-10,XRP,2.1388,2.2613,1.9925,2.0216,391223631.0,-0.7181,2.0,0.30474761904761916,0.4243815476190476,0.3154783888888889,-0.056308890717708046,,0.12307152575402772,0.05482411010106939,0.0402805627839934,0.21196082311040776,0.08389394538979023,0.18480411555203813
2025-03-13,XRP,2.2395,2.347,2.2137,2.2527,243896593.0,0.9732,2.0,0.3736285714285715,0.425360119047619,0.33833505555555554,0.10824021969996347,,0.12304737724875174,0.046628692079266676,0.04034277664345627,0.08722865894260212,-0.006525502730057253,0.0791938562613752
2025-03-14,XRP,2.2526,2.3893,2.2371,2.3564,197286469.0,0.44562500000000005,8.0,0.314075,0.4802011904761905,0.36350255555555555,0.04500553387358432,0.12394102529995846,0.12303123968483991,0.04499377064402603,0.04365929114423427,-0.002970633169241066,-0.07027669326090646,-0.025377694788660476
2025-03-16,XRP,2.3911,2.4109,2.2677,2.2938,151974757.0,0.9485,2.0,0.36070357142857146,0.47989404761904764,0.38555588888888886,-0.026925199717110042,0.12358382760541782,0.11798581970645447,0.04467153385357863,,-0.06761705466910806,-0.03683843403958509,
2025-03-19,XRP,2.2851,2.59,2.2653,2.5469,462181815.0,-0.47513333333333335,6.0,0.2222702380952381,0.3931952380952381,0.3434447777777778,0.1046671024015494,0.12571190389246684,0.08281628208676403,0.032264264218039455,,-0.16361066394440305,-0.14123051552868193,
2025-03-20,XRP,2.5469,2.5638,2.389,2.4361,225573092.0,0.027066666666666638,6.0,0.17159404761904762,0.35198035714285714,0.336387,-0.04447853344162936,0.12606488802992885,0.06465220679802043,0.030830142447067405,,-0.09121136242354577,-0.11538935183284771,
2025-03-23,XRP,2.3712,2.4409,2.365,2.4393,82171646.0,0.9468,2.0,0.30685119047619047,0.3942089285714286,0.33924366666666667,0.0013127129915592095,0.12463969644274421,0.057246371786929796,0.030710221689995838,,-0.09609314147501336,-0.12823350961341362,
2025-03-24,XRP,2.4392,2.5044,2.4134,2.4501,140591390.0,0.891,2.0,0.536722619047619,0.42073511904761907,0.34409533333333336,0.00441772715043827,0.12307152575402772,0.05482411010106939,0.04069682079078097,,-0.10566915636096497,-0.05016121790947303,
2025-03-25,XRP,2.4501,2.4783,2.4071,2.4492,107306341.0,0.7003,2.0,0.49773690476190474,0.4356827380952381,0.35097533333333336,-0.0003673994285402737,0.12304737724875174,0.046628692079266676,0.04079331730536709,,-0.0862322390984811,-0.04299363057324834,
2025-03-26,XRP,2.4491,2.4794,2.328,2.3494,140813082.0,0.8001999999999999,6.0,0.5483904761904762,0.43123273809523816,0.38331533333333334,-0.0416014642140137,0.12303123968483991,0.04499377064402603,0.03935312750222198,,-0.06750659742913101,0.007491274367923628,
2025-04-01,XRP,2.0899,2.1999,2.065,2.1387,206149959.0,-0.5837,2.0,0.3295047619047619,0.34510416666666666,0.35425283333333335,-0.09396180859809321,0.11798581970645447,0.04467153385357863,0.03322706401839753,,0.0330107074390984,0.1894608874549959,
2025-04-04,XRP,2.0648,2.1626,2.016,2.1302,249538859.0,0.9732,2.0,0.5364095238095238,0.37933988095238097,0.3552153333333334,-0.003982295782627224,0.08281628208676403,0.032264264218039455,0.03289374970404824,,0.026758050887240703,0.21251525678340077,
2025-04-22,XRP,2.0855,2.2504,2.0638,2.2139,215792646.3,0.93,2.0,0.6654,0.41849702380952375,0.3557953333333333,0.038539794121114176,0.06465220679802043,0.030830142447067405,0.040333864110921096,,-0.026604634355662182,0.07755544514205703,
2025-04-24,XRP,2.2183,2.2354,2.1166,2.2049,184941421.4,0.0,2.0,0.5301428571428571,0.41849702380952375,0.3808036666666667,-0.0040735097515652114,0.057246371786929796,0.030710221689995838,0.040361232907608256,,-0.03555716812553844,0.10118372715315882,
2025-04-26,XRP,2.1812,2.2483,2.1796,2.1912,89667472.4,0.9894,2.0,0.5441999999999999,0.5404613095238096,0.4161053333333333,-0.006232817429745942,0.05482411010106939,0.04069682079078097,0.04086220986630994,,0.06206644760861635,0.08629974443227462,
2025-04-29,XRP,2.295,2.3147,2.2217,2.238,109021832.7,0.9402,2.0,0.5784714285714285,0.5381041666666667,0.4733886666666667,0.02113327092300224,0.046628692079266676,0.04079331730536709,0.04081856591832761,,0.04731903485254696,0.05294906166219837,
2025-04-30,XRP,2.2379,2.2588,2.1235,2.1908,169161178.8,0.4215,2.0,0.5243714285714286,0.5363809523809524,0.49565,-0.021315835962304353,0.04499377064402603,0.03935312750222198,0.0402805627839934,,0.08042724119043276,0.09329925141500839,
2025-05-02,XRP,2.2122,2.2411,2.192,2.2093,84810475.2,0.54835,4.0,0.6860928571428573,0.5077988095238095,0.48194499999999996,0.008408949347416175,0.04467153385357863,0.03322706401839753,0.04034277664345627,,0.15145068573756393,0.10039378988819991,
2025-05-03,XRP,2.2093,2.22,2.176,2.1872,48541368.0,0.0,2.0,0.5470642857142857,0.5417369047619047,0.4926833333333333,-0.010053536287297434,0.032264264218039455,0.03289374970404824,0.04365929114423427,,0.18091623994147787,0.050018288222384966,
2025-05-06,XRP,2.1306,2.1595,2.0777,2.155,110021214.0,0.2784,4.0,0.4539785714285714,0.5596892857142858,0.4702033333333333,-0.014831463431836903,0.030830142447067405,0.040333864110921096,,,0.10700696055684467,,
2025-05-07,XRP,2.155,2.1716,2.1039,2.1265,91759518.6,-0.7417,2.0,0.3480214285714286,0.43908214285714287,0.42085833333333333,-0.013313287844159808,0.030710221689995838,0.040361232907608256,,,0.14178227133787913,,
2025-05-08,XRP,2.1264,2.3297,2.1176,2.3272,220454318.8,-0.006566666666666647,6.0,0.2057404761904762,0.37497023809523805,0.40050361111111116,0.09018839248730369,0.04069682079078097,0.04086220986630994,,,0.02281711928497776,,
2025-05-09,XRP,2.3272,2.4291,2.2845,2.3439,270485423.5,0.59915,12.0,0.1570190476190476,0.36774523809523807,0.40862194444444444,0.00715038048981651,0.04079331730536709,0.04081856591832761,,,0.005375655958018699,,
2025-05-11,XRP,2.4711,2.4844,2.3283,2.367,162582479.5,0.0,2.0,0.09680476190476191,0.3105880952380952,0.3913008333333333,0.00980712184317567,0.03935312750222198,0.0402805627839934,,,0.011913814955640145,,
2025-05-12,XRP,2.3671,2.6549,2.3515,2.5439,507950822.4,0.82025,4.0,0.13564761904761904,0.41087023809523815,0.4022747222222222,0.07207500599734157,0.03322706401839753,0.04034277664345627,,,-0.0443413656197178,,
2025-05-13,XRP,2.544,2.6053,2.4215,2.5829,230851038.9,0.94835,4.0,0.27112619047619047,0.40909523809523807,0.40513638888888887,0.015214462162221621,0.03289374970404824,0.04365929114423427,,,-0.11084439970575699,,
2025-05-15,XRP,2.5504,2.5719,2.3525,2.3856,209320078.3,0.1909,4.0,0.2586261904761905,0.356302380952381,0.39076305555555557,-0.07946213366307316,0.040333864110921096,,,,,,
2025-05-18,XRP,2.3531,2.4497,2.332,2.428,110034544.5,0.5479333333333333,6.0,0.4428595238095238,0.3954404761904762,0.39256416666666666,0.017617208168914898,0.040361232907608256,,,,,,
2025-05-19,XRP,2.428,2.441,2.2827,2.3803,162880946.4,0.9325,2.0,0.5770119047619048,0.3913761904761905,0.4109208333333333,-0.019841343037387063,0.04086220986630994,,,,,,
2025-05-20,XRP,2.3803,2.409,2.3141,2.3565,136293676.8,-0.6124,2.0,0.4039333333333333,0.2804761904761905,0.3905075,-0.010049062778216203,0.04081856591832761,,,,,,
2025-05-21,XRP,2.3565,2.4288,2.3308,2.3952,175070666.7,0.7798499999999999,4.0,0.5153404761904762,0.306072619047619,0.44043916666666666,0.016289267301578272,0.0402805627839934,,,,,,
2025-05-22,XRP,2.3953,2.4555,2.3881,2.4311,145040194.5,-0.5313,4.0,0.32226190476190475,0.22895476190476188,0.39028916666666663,0.014877095139977661,0.04034277664345627,,,,,,
2025-05-23,XRP,2.4311,2.4799,2.2838,2.2966,197335455.4,-0.6072,2.0,0.10004047619047617,0.1855833333333333,0.355195,-0.05691406146325251,0.04365929114423427,,,,,,
